current directory: /Users/ootashougo/Documents/GssManagement/gss_management/vendor/bundle/ruby/2.7.0/gems/nokogiri-1.15.6/ext/nokogiri
/Users/ootashougo/.rbenv/versions/2.7.3/bin/ruby -I /Users/ootashougo/.rbenv/versions/2.7.3/lib/ruby/2.7.0 -r ./siteconf20250202-90489-1854u51.rb extconf.rb
checking for whether -std=c99 is accepted as CFLAGS... yes
checking for whether -Wno-declaration-after-statement is accepted as CFLAGS... yes
checking for whether -O2 is accepted as CFLAGS... yes
checking for whether -g is accepted as CFLAGS... yes
checking for whether -Winline is accepted as CFLAGS... yes
checking for whether -Wmissing-noreturn is accepted as CFLAGS... yes
checking for whether -Wshorten-64-to-32 is accepted as CFLAGS... yes
checking for whether -Wno-error=unused-command-line-argument-hard-error-in-future is accepted as CFLAGS... no
checking for whether -Wno-unknown-warning-option is accepted as CFLAGS... yes
Building nokogiri using packaged libraries.
Static linking is enabled.
Cross build is disabled.
checking for iconv.h... yes
Using mini_portile version 2.8.7
checking for iconv... yes
---------- IMPORTANT NOTICE ----------
Building Nokogiri with a packaged version of libxml2-2.11.7.
Configuration options: --host\=arm64-apple-darwin23 --enable-static --disable-shared --libdir\=/Users/ootashougo/Documents/GssManagement/gss_management/vendor/bundle/ruby/2.7.0/gems/nokogiri-1.15.6/ports/arm64-darwin23/libxml2/2.11.7/lib --with-iconv\=yes --disable-dependency-tracking --without-python --without-readline --with-c14n --with-debug --with-threads --disable-shared --enable-static RANLIB\=/usr/bin/ranlib AR\=/usr/bin/ar CPPFLAGS\= CFLAGS\=-O2\ -U_FORTIFY_SOURCE\ -g\ -fPIC
The following patches are being applied:
  - 0001-Remove-script-macro-support.patch
  - 0002-Update-entities-to-remove-handling-of-ssi.patch
  - 0003-libxml2.la-is-in-top_builddir.patch
  - 0009-allow-wildcard-namespaces.patch
  - 0010-update-config.guess-and-config.sub-for-libxml2.patch
  - 0011-rip-out-libxml2-s-libc_single_threaded-support.patch

The Nokogiri maintainers intend to provide timely security updates, but if
this is a concern for you and want to use your OS/distro system library
instead, then abort this installation process and install nokogiri as
instructed at:

  https://nokogiri.org/tutorials/installing_nokogiri.html#installing-using-standard-system-libraries

Note, however, that nokogiri cannot guarantee compatibility with every
version of libxml2 that may be provided by OS/package vendors.

Extracting libxml2-2.11.7.tar.xz into tmp/arm64-apple-darwin23/ports/libxml2/2.11.7... OK
Running git apply with /Users/ootashougo/Documents/GssManagement/gss_management/vendor/bundle/ruby/2.7.0/gems/nokogiri-1.15.6/patches/libxml2/0001-Remove-script-macro-support.patch... OK
Running git apply with /Users/ootashougo/Documents/GssManagement/gss_management/vendor/bundle/ruby/2.7.0/gems/nokogiri-1.15.6/patches/libxml2/0002-Update-entities-to-remove-handling-of-ssi.patch... OK
Running git apply with /Users/ootashougo/Documents/GssManagement/gss_management/vendor/bundle/ruby/2.7.0/gems/nokogiri-1.15.6/patches/libxml2/0003-libxml2.la-is-in-top_builddir.patch... OK
Running git apply with /Users/ootashougo/Documents/GssManagement/gss_management/vendor/bundle/ruby/2.7.0/gems/nokogiri-1.15.6/patches/libxml2/0009-allow-wildcard-namespaces.patch... OK
Running git apply with /Users/ootashougo/Documents/GssManagement/gss_management/vendor/bundle/ruby/2.7.0/gems/nokogiri-1.15.6/patches/libxml2/0010-update-config.guess-and-config.sub-for-libxml2.patch... OK
Running git apply with /Users/ootashougo/Documents/GssManagement/gss_management/vendor/bundle/ruby/2.7.0/gems/nokogiri-1.15.6/patches/libxml2/0011-rip-out-libxml2-s-libc_single_threaded-support.patch... OK
Running 'configure' for libxml2 2.11.7... OK
Running 'compile' for libxml2 2.11.7... OK
Running 'install' for libxml2 2.11.7... OK
Activating libxml2 2.11.7 (from /Users/ootashougo/Documents/GssManagement/gss_management/vendor/bundle/ruby/2.7.0/gems/nokogiri-1.15.6/ports/arm64-darwin23/libxml2/2.11.7)...
Using mini_portile version 2.8.7
---------- IMPORTANT NOTICE ----------
Building Nokogiri with a packaged version of libxslt-1.1.39.
Configuration options: --host\=arm64-apple-darwin23 --enable-static --disable-shared --libdir\=/Users/ootashougo/Documents/GssManagement/gss_management/vendor/bundle/ruby/2.7.0/gems/nokogiri-1.15.6/ports/arm64-darwin23/libxslt/1.1.39/lib --disable-dependency-tracking --without-python --without-crypto --with-debug --with-libxml-prefix\=/Users/ootashougo/Documents/GssManagement/gss_management/vendor/bundle/ruby/2.7.0/gems/nokogiri-1.15.6/ports/arm64-darwin23/libxml2/2.11.7 --disable-shared --enable-static RANLIB\=/usr/bin/ranlib AR\=/usr/bin/ar CFLAGS\=-O2\ -U_FORTIFY_SOURCE\ -g\ -fPIC
The following patches are being applied:
  - 0001-update-config.guess-and-config.sub-for-libxslt.patch

The Nokogiri maintainers intend to provide timely security updates, but if
this is a concern for you and want to use your OS/distro system library
instead, then abort this installation process and install nokogiri as
instructed at:

  https://nokogiri.org/tutorials/installing_nokogiri.html#installing-using-standard-system-libraries

Extracting libxslt-1.1.39.tar.xz into tmp/arm64-apple-darwin23/ports/libxslt/1.1.39... OK
Running git apply with /Users/ootashougo/Documents/GssManagement/gss_management/vendor/bundle/ruby/2.7.0/gems/nokogiri-1.15.6/patches/libxslt/0001-update-config.guess-and-config.sub-for-libxslt.patch... OK
Running 'configure' for libxslt 1.1.39... OK
Running 'compile' for libxslt 1.1.39... OK
Running 'install' for libxslt 1.1.39... OK
Activating libxslt 1.1.39 (from /Users/ootashougo/Documents/GssManagement/gss_management/vendor/bundle/ruby/2.7.0/gems/nokogiri-1.15.6/ports/arm64-darwin23/libxslt/1.1.39)...
checking for whether -DNOKOGIRI_PACKAGED_LIBRARIES is accepted as CPPFLAGS... yes
xml2-config cflags: -I/Users/ootashougo/Documents/GssManagement/gss_management/vendor/bundle/ruby/2.7.0/gems/nokogiri-1.15.6/ports/arm64-darwin23/libxml2/2.11.7/include/libxml2
checking for whether -DNOKOGIRI_LIBXML2_PATCHES="\"0001-Remove-script-macro-support.patch 0002-Update-entities-to-remove-handling-of-ssi.patch 0003-libxml2.la-is-in-top_builddir.patch 0009-allow-wildcard-namespaces.patch 0010-update-config.guess-and-config.sub-for-libxml2.patch 0011-rip-out-libxml2-s-libc_single_threaded-support.patch\"" is accepted as CPPFLAGS... yes
checking for -llzma... yes
xslt-config cflags: -I/Users/ootashougo/Documents/GssManagement/gss_management/vendor/bundle/ruby/2.7.0/gems/nokogiri-1.15.6/ports/arm64-darwin23/libxml2/2.11.7/include/libxml2 -I/Users/ootashougo/Documents/GssManagement/gss_management/vendor/bundle/ruby/2.7.0/gems/nokogiri-1.15.6/ports/arm64-darwin23/libxslt/1.1.39/include
checking for whether -DNOKOGIRI_LIBXSLT_PATCHES="\"0001-update-config.guess-and-config.sub-for-libxslt.patch\"" is accepted as CPPFLAGS... yes
checking for xmlParseDoc() in libxml/parser.h... yes
checking for xsltParseStylesheetDoc() in libxslt/xslt.h... yes
checking for exsltFuncRegister() in libexslt/exslt.h... yes
Using mini_portile version 2.8.7
---------- IMPORTANT NOTICE ----------
Building Nokogiri with a packaged version of libgumbo-1.0.0-nokogiri.
Configuration options: --disable-shared --enable-static CFLAGS\=-fPIC
Copying gumbo-parser files into tmp/arm64-apple-darwin23/ports/libgumbo/1.0.0-nokogiri/gumbo-parser...
Running 'compile' for libgumbo 1.0.0-nokogiri... OK
Activating libgumbo 1.0.0-nokogiri (from ports/arm64-darwin23/libgumbo/1.0.0-nokogiri)...
checking for whether -I/Users/ootashougo/Documents/GssManagement/gss_management/vendor/bundle/ruby/2.7.0/gems/nokogiri-1.15.6/ext/nokogiri/ports/arm64-darwin23/libgumbo/1.0.0-nokogiri/include is accepted as CPPFLAGS... yes
checking for gumbo_parse_with_options() in nokogiri_gumbo.h... yes
checking for xmlHasFeature()... yes
checking for xmlFirstElementChild()... yes
checking for xmlRelaxNGSetParserStructuredErrors()... yes
checking for xmlRelaxNGSetValidStructuredErrors()... yes
checking for xmlSchemaSetValidStructuredErrors()... yes
checking for xmlSchemaSetParserStructuredErrors()... yes
checking for rb_gc_location()... yes
checking for rb_category_warning()... no
checking for whether -DNOKOGIRI_OTHER_LIBRARY_VERSIONS="\"libgumbo:1.0.0-nokogiri\"" is accepted as CPPFLAGS... yes
creating Makefile

current directory: /Users/ootashougo/Documents/GssManagement/gss_management/vendor/bundle/ruby/2.7.0/gems/nokogiri-1.15.6/ext/nokogiri
make "DESTDIR=" clean

current directory: /Users/ootashougo/Documents/GssManagement/gss_management/vendor/bundle/ruby/2.7.0/gems/nokogiri-1.15.6/ext/nokogiri
make "DESTDIR="
compiling gumbo.c
compiling html4_document.c
html4_document.c:163:23: warning: '(' and '{' tokens introducing statement expression appear in different macro expansion contexts [-Wcompound-token-split-by-macro]
  163 |   id_encoding_found = rb_intern("encoding_found");
      |                       ^~~~~~~~~~~~~~~~~~~~~~~~~~~
/Users/ootashougo/.rbenv/versions/2.7.3/include/ruby-2.7.0/ruby/ruby.h:1847:23: note: expanded from macro 'rb_intern'
 1847 |         __extension__ (RUBY_CONST_ID_CACHE((ID), (str))) : \
      |                       ^
html4_document.c:163:23: note: '{' token is here
  163 |   id_encoding_found = rb_intern("encoding_found");
      |                       ^~~~~~~~~~~~~~~~~~~~~~~~~~~
/Users/ootashougo/.rbenv/versions/2.7.3/include/ruby-2.7.0/ruby/ruby.h:1847:24: note: expanded from macro 'rb_intern'
 1847 |         __extension__ (RUBY_CONST_ID_CACHE((ID), (str))) : \
      |                        ^~~~~~~~~~~~~~~~~~~~~~~~~~~~~~~~
/Users/ootashougo/.rbenv/versions/2.7.3/include/ruby-2.7.0/ruby/ruby.h:1832:5: note: expanded from macro 'RUBY_CONST_ID_CACHE'
 1832 |     {                                                   \
      |     ^
html4_document.c:163:23: warning: '}' and ')' tokens terminating statement expression appear in different macro expansion contexts [-Wcompound-token-split-by-macro]
  163 |   id_encoding_found = rb_intern("encoding_found");
      |                       ^~~~~~~~~~~~~~~~~~~~~~~~~~~
/Users/ootashougo/.rbenv/versions/2.7.3/include/ruby-2.7.0/ruby/ruby.h:1847:24: note: expanded from macro 'rb_intern'
 1847 |         __extension__ (RUBY_CONST_ID_CACHE((ID), (str))) : \
      |                        ^~~~~~~~~~~~~~~~~~~~~~~~~~~~~~~~
/Users/ootashougo/.rbenv/versions/2.7.3/include/ruby-2.7.0/ruby/ruby.h:1837:5: note: expanded from macro 'RUBY_CONST_ID_CACHE'
 1837 |     }
      |     ^
html4_document.c:163:23: note: ')' token is here
  163 |   id_encoding_found = rb_intern("encoding_found");
      |                       ^~~~~~~~~~~~~~~~~~~~~~~~~~~
/Users/ootashougo/.rbenv/versions/2.7.3/include/ruby-2.7.0/ruby/ruby.h:1847:56: note: expanded from macro 'rb_intern'
 1847 |         __extension__ (RUBY_CONST_ID_CACHE((ID), (str))) : \
      |                                                        ^
html4_document.c:164:13: warning: '(' and '{' tokens introducing statement expression appear in different macro expansion contexts [-Wcompound-token-split-by-macro]
  164 |   id_to_s = rb_intern("to_s");
      |             ^~~~~~~~~~~~~~~~~
/Users/ootashougo/.rbenv/versions/2.7.3/include/ruby-2.7.0/ruby/ruby.h:1847:23: note: expanded from macro 'rb_intern'
 1847 |         __extension__ (RUBY_CONST_ID_CACHE((ID), (str))) : \
      |                       ^
html4_document.c:164:13: note: '{' token is here
  164 |   id_to_s = rb_intern("to_s");
      |             ^~~~~~~~~~~~~~~~~
/Users/ootashougo/.rbenv/versions/2.7.3/include/ruby-2.7.0/ruby/ruby.h:1847:24: note: expanded from macro 'rb_intern'
 1847 |         __extension__ (RUBY_CONST_ID_CACHE((ID), (str))) : \
      |                        ^~~~~~~~~~~~~~~~~~~~~~~~~~~~~~~~
/Users/ootashougo/.rbenv/versions/2.7.3/include/ruby-2.7.0/ruby/ruby.h:1832:5: note: expanded from macro 'RUBY_CONST_ID_CACHE'
 1832 |     {                                                   \
      |     ^
html4_document.c:164:13: warning: '}' and ')' tokens terminating statement expression appear in different macro expansion contexts [-Wcompound-token-split-by-macro]
  164 |   id_to_s = rb_intern("to_s");
      |             ^~~~~~~~~~~~~~~~~
/Users/ootashougo/.rbenv/versions/2.7.3/include/ruby-2.7.0/ruby/ruby.h:1847:24: note: expanded from macro 'rb_intern'
 1847 |         __extension__ (RUBY_CONST_ID_CACHE((ID), (str))) : \
      |                        ^~~~~~~~~~~~~~~~~~~~~~~~~~~~~~~~
/Users/ootashougo/.rbenv/versions/2.7.3/include/ruby-2.7.0/ruby/ruby.h:1837:5: note: expanded from macro 'RUBY_CONST_ID_CACHE'
 1837 |     }
      |     ^
html4_document.c:164:13: note: ')' token is here
  164 |   id_to_s = rb_intern("to_s");
      |             ^~~~~~~~~~~~~~~~~
/Users/ootashougo/.rbenv/versions/2.7.3/include/ruby-2.7.0/ruby/ruby.h:1847:56: note: expanded from macro 'rb_intern'
 1847 |         __extension__ (RUBY_CONST_ID_CACHE((ID), (str))) : \
      |                                                        ^
4 warnings generated.
compiling html4_element_description.c
compiling html4_entity_lookup.c
html4_entity_lookup.c:27:69: warning: '(' and '{' tokens introducing statement expression appear in different macro expansion contexts [-Wcompound-token-split-by-macro]
   27 |   cNokogiriHtml4EntityDescription = rb_const_get_at(mNokogiriHtml4, rb_intern("EntityDescription"));
      |                                                                     ^~~~~~~~~~~~~~~~~~~~~~~~~~~~~~
/Users/ootashougo/.rbenv/versions/2.7.3/include/ruby-2.7.0/ruby/ruby.h:1847:23: note: expanded from macro 'rb_intern'
 1847 |         __extension__ (RUBY_CONST_ID_CACHE((ID), (str))) : \
      |                       ^
html4_entity_lookup.c:27:69: note: '{' token is here
   27 |   cNokogiriHtml4EntityDescription = rb_const_get_at(mNokogiriHtml4, rb_intern("EntityDescription"));
      |                                                                     ^~~~~~~~~~~~~~~~~~~~~~~~~~~~~~
/Users/ootashougo/.rbenv/versions/2.7.3/include/ruby-2.7.0/ruby/ruby.h:1847:24: note: expanded from macro 'rb_intern'
 1847 |         __extension__ (RUBY_CONST_ID_CACHE((ID), (str))) : \
      |                        ^~~~~~~~~~~~~~~~~~~~~~~~~~~~~~~~
/Users/ootashougo/.rbenv/versions/2.7.3/include/ruby-2.7.0/ruby/ruby.h:1832:5: note: expanded from macro 'RUBY_CONST_ID_CACHE'
 1832 |     {                                                   \
      |     ^
html4_entity_lookup.c:27:69: warning: '}' and ')' tokens terminating statement expression appear in different macro expansion contexts [-Wcompound-token-split-by-macro]
   27 |   cNokogiriHtml4EntityDescription = rb_const_get_at(mNokogiriHtml4, rb_intern("EntityDescription"));
      |                                                                     ^~~~~~~~~~~~~~~~~~~~~~~~~~~~~~
/Users/ootashougo/.rbenv/versions/2.7.3/include/ruby-2.7.0/ruby/ruby.h:1847:24: note: expanded from macro 'rb_intern'
 1847 |         __extension__ (RUBY_CONST_ID_CACHE((ID), (str))) : \
      |                        ^~~~~~~~~~~~~~~~~~~~~~~~~~~~~~~~
/Users/ootashougo/.rbenv/versions/2.7.3/include/ruby-2.7.0/ruby/ruby.h:1837:5: note: expanded from macro 'RUBY_CONST_ID_CACHE'
 1837 |     }
      |     ^
html4_entity_lookup.c:27:69: note: ')' token is here
   27 |   cNokogiriHtml4EntityDescription = rb_const_get_at(mNokogiriHtml4, rb_intern("EntityDescription"));
      |                                                                     ^~~~~~~~~~~~~~~~~~~~~~~~~~~~~~
/Users/ootashougo/.rbenv/versions/2.7.3/include/ruby-2.7.0/ruby/ruby.h:1847:56: note: expanded from macro 'rb_intern'
 1847 |         __extension__ (RUBY_CONST_ID_CACHE((ID), (str))) : \
      |                                                        ^
2 warnings generated.
compiling html4_sax_parser_context.c
compiling html4_sax_push_parser.c
compiling libxml2_backwards_compat.c
compiling nokogiri.c
nokogiri.c:171:29: warning: '(' and '{' tokens introducing statement expression appear in different macro expansion contexts [-Wcompound-token-split-by-macro]
  171 |     rb_const_set(mNokogiri, rb_intern("LIBXML_MEMORY_MANAGEMENT"), NOKOGIRI_STR_NEW2("default"));
      |                             ^~~~~~~~~~~~~~~~~~~~~~~~~~~~~~~~~~~~~
/Users/ootashougo/.rbenv/versions/2.7.3/include/ruby-2.7.0/ruby/ruby.h:1847:23: note: expanded from macro 'rb_intern'
 1847 |         __extension__ (RUBY_CONST_ID_CACHE((ID), (str))) : \
      |                       ^
nokogiri.c:171:29: note: '{' token is here
  171 |     rb_const_set(mNokogiri, rb_intern("LIBXML_MEMORY_MANAGEMENT"), NOKOGIRI_STR_NEW2("default"));
      |                             ^~~~~~~~~~~~~~~~~~~~~~~~~~~~~~~~~~~~~
/Users/ootashougo/.rbenv/versions/2.7.3/include/ruby-2.7.0/ruby/ruby.h:1847:24: note: expanded from macro 'rb_intern'
 1847 |         __extension__ (RUBY_CONST_ID_CACHE((ID), (str))) : \
      |                        ^~~~~~~~~~~~~~~~~~~~~~~~~~~~~~~~
/Users/ootashougo/.rbenv/versions/2.7.3/include/ruby-2.7.0/ruby/ruby.h:1832:5: note: expanded from macro 'RUBY_CONST_ID_CACHE'
 1832 |     {                                                   \
      |     ^
nokogiri.c:171:29: warning: '}' and ')' tokens terminating statement expression appear in different macro expansion contexts [-Wcompound-token-split-by-macro]
  171 |     rb_const_set(mNokogiri, rb_intern("LIBXML_MEMORY_MANAGEMENT"), NOKOGIRI_STR_NEW2("default"));
      |                             ^~~~~~~~~~~~~~~~~~~~~~~~~~~~~~~~~~~~~
/Users/ootashougo/.rbenv/versions/2.7.3/include/ruby-2.7.0/ruby/ruby.h:1847:24: note: expanded from macro 'rb_intern'
 1847 |         __extension__ (RUBY_CONST_ID_CACHE((ID), (str))) : \
      |                        ^~~~~~~~~~~~~~~~~~~~~~~~~~~~~~~~
/Users/ootashougo/.rbenv/versions/2.7.3/include/ruby-2.7.0/ruby/ruby.h:1837:5: note: expanded from macro 'RUBY_CONST_ID_CACHE'
 1837 |     }
      |     ^
nokogiri.c:171:29: note: ')' token is here
  171 |     rb_const_set(mNokogiri, rb_intern("LIBXML_MEMORY_MANAGEMENT"), NOKOGIRI_STR_NEW2("default"));
      |                             ^~~~~~~~~~~~~~~~~~~~~~~~~~~~~~~~~~~~~
/Users/ootashougo/.rbenv/versions/2.7.3/include/ruby-2.7.0/ruby/ruby.h:1847:56: note: expanded from macro 'rb_intern'
 1847 |         __extension__ (RUBY_CONST_ID_CACHE((ID), (str))) : \
      |                                                        ^
nokogiri.c:175:29: warning: '(' and '{' tokens introducing statement expression appear in different macro expansion contexts [-Wcompound-token-split-by-macro]
  175 |     rb_const_set(mNokogiri, rb_intern("LIBXML_MEMORY_MANAGEMENT"), NOKOGIRI_STR_NEW2("ruby"));
      |                             ^~~~~~~~~~~~~~~~~~~~~~~~~~~~~~~~~~~~~
/Users/ootashougo/.rbenv/versions/2.7.3/include/ruby-2.7.0/ruby/ruby.h:1847:23: note: expanded from macro 'rb_intern'
 1847 |         __extension__ (RUBY_CONST_ID_CACHE((ID), (str))) : \
      |                       ^
nokogiri.c:175:29: note: '{' token is here
  175 |     rb_const_set(mNokogiri, rb_intern("LIBXML_MEMORY_MANAGEMENT"), NOKOGIRI_STR_NEW2("ruby"));
      |                             ^~~~~~~~~~~~~~~~~~~~~~~~~~~~~~~~~~~~~
/Users/ootashougo/.rbenv/versions/2.7.3/include/ruby-2.7.0/ruby/ruby.h:1847:24: note: expanded from macro 'rb_intern'
 1847 |         __extension__ (RUBY_CONST_ID_CACHE((ID), (str))) : \
      |                        ^~~~~~~~~~~~~~~~~~~~~~~~~~~~~~~~
/Users/ootashougo/.rbenv/versions/2.7.3/include/ruby-2.7.0/ruby/ruby.h:1832:5: note: expanded from macro 'RUBY_CONST_ID_CACHE'
 1832 |     {                                                   \
      |     ^
nokogiri.c:175:29: warning: '}' and ')' tokens terminating statement expression appear in different macro expansion contexts [-Wcompound-token-split-by-macro]
  175 |     rb_const_set(mNokogiri, rb_intern("LIBXML_MEMORY_MANAGEMENT"), NOKOGIRI_STR_NEW2("ruby"));
      |                             ^~~~~~~~~~~~~~~~~~~~~~~~~~~~~~~~~~~~~
/Users/ootashougo/.rbenv/versions/2.7.3/include/ruby-2.7.0/ruby/ruby.h:1847:24: note: expanded from macro 'rb_intern'
 1847 |         __extension__ (RUBY_CONST_ID_CACHE((ID), (str))) : \
      |                        ^~~~~~~~~~~~~~~~~~~~~~~~~~~~~~~~
/Users/ootashougo/.rbenv/versions/2.7.3/include/ruby-2.7.0/ruby/ruby.h:1837:5: note: expanded from macro 'RUBY_CONST_ID_CACHE'
 1837 |     }
      |     ^
nokogiri.c:175:29: note: ')' token is here
  175 |     rb_const_set(mNokogiri, rb_intern("LIBXML_MEMORY_MANAGEMENT"), NOKOGIRI_STR_NEW2("ruby"));
      |                             ^~~~~~~~~~~~~~~~~~~~~~~~~~~~~~~~~~~~~
/Users/ootashougo/.rbenv/versions/2.7.3/include/ruby-2.7.0/ruby/ruby.h:1847:56: note: expanded from macro 'rb_intern'
 1847 |         __extension__ (RUBY_CONST_ID_CACHE((ID), (str))) : \
      |                                                        ^
nokogiri.c:199:27: warning: '(' and '{' tokens introducing statement expression appear in different macro expansion contexts [-Wcompound-token-split-by-macro]
  199 |   rb_const_set(mNokogiri, rb_intern("LIBXML_COMPILED_VERSION"), NOKOGIRI_STR_NEW2(LIBXML_DOTTED_VERSION));
      |                           ^~~~~~~~~~~~~~~~~~~~~~~~~~~~~~~~~~~~
/Users/ootashougo/.rbenv/versions/2.7.3/include/ruby-2.7.0/ruby/ruby.h:1847:23: note: expanded from macro 'rb_intern'
 1847 |         __extension__ (RUBY_CONST_ID_CACHE((ID), (str))) : \
      |                       ^
nokogiri.c:199:27: note: '{' token is here
  199 |   rb_const_set(mNokogiri, rb_intern("LIBXML_COMPILED_VERSION"), NOKOGIRI_STR_NEW2(LIBXML_DOTTED_VERSION));
      |                           ^~~~~~~~~~~~~~~~~~~~~~~~~~~~~~~~~~~~
/Users/ootashougo/.rbenv/versions/2.7.3/include/ruby-2.7.0/ruby/ruby.h:1847:24: note: expanded from macro 'rb_intern'
 1847 |         __extension__ (RUBY_CONST_ID_CACHE((ID), (str))) : \
      |                        ^~~~~~~~~~~~~~~~~~~~~~~~~~~~~~~~
/Users/ootashougo/.rbenv/versions/2.7.3/include/ruby-2.7.0/ruby/ruby.h:1832:5: note: expanded from macro 'RUBY_CONST_ID_CACHE'
 1832 |     {                                                   \
      |     ^
nokogiri.c:199:27: warning: '}' and ')' tokens terminating statement expression appear in different macro expansion contexts [-Wcompound-token-split-by-macro]
  199 |   rb_const_set(mNokogiri, rb_intern("LIBXML_COMPILED_VERSION"), NOKOGIRI_STR_NEW2(LIBXML_DOTTED_VERSION));
      |                           ^~~~~~~~~~~~~~~~~~~~~~~~~~~~~~~~~~~~
/Users/ootashougo/.rbenv/versions/2.7.3/include/ruby-2.7.0/ruby/ruby.h:1847:24: note: expanded from macro 'rb_intern'
 1847 |         __extension__ (RUBY_CONST_ID_CACHE((ID), (str))) : \
      |                        ^~~~~~~~~~~~~~~~~~~~~~~~~~~~~~~~
/Users/ootashougo/.rbenv/versions/2.7.3/include/ruby-2.7.0/ruby/ruby.h:1837:5: note: expanded from macro 'RUBY_CONST_ID_CACHE'
 1837 |     }
      |     ^
nokogiri.c:199:27: note: ')' token is here
  199 |   rb_const_set(mNokogiri, rb_intern("LIBXML_COMPILED_VERSION"), NOKOGIRI_STR_NEW2(LIBXML_DOTTED_VERSION));
      |                           ^~~~~~~~~~~~~~~~~~~~~~~~~~~~~~~~~~~~
/Users/ootashougo/.rbenv/versions/2.7.3/include/ruby-2.7.0/ruby/ruby.h:1847:56: note: expanded from macro 'rb_intern'
 1847 |         __extension__ (RUBY_CONST_ID_CACHE((ID), (str))) : \
      |                                                        ^
nokogiri.c:200:27: warning: '(' and '{' tokens introducing statement expression appear in different macro expansion contexts [-Wcompound-token-split-by-macro]
  200 |   rb_const_set(mNokogiri, rb_intern("LIBXML_LOADED_VERSION"), NOKOGIRI_STR_NEW2(xmlParserVersion));
      |                           ^~~~~~~~~~~~~~~~~~~~~~~~~~~~~~~~~~
/Users/ootashougo/.rbenv/versions/2.7.3/include/ruby-2.7.0/ruby/ruby.h:1847:23: note: expanded from macro 'rb_intern'
 1847 |         __extension__ (RUBY_CONST_ID_CACHE((ID), (str))) : \
      |                       ^
nokogiri.c:200:27: note: '{' token is here
  200 |   rb_const_set(mNokogiri, rb_intern("LIBXML_LOADED_VERSION"), NOKOGIRI_STR_NEW2(xmlParserVersion));
      |                           ^~~~~~~~~~~~~~~~~~~~~~~~~~~~~~~~~~
/Users/ootashougo/.rbenv/versions/2.7.3/include/ruby-2.7.0/ruby/ruby.h:1847:24: note: expanded from macro 'rb_intern'
 1847 |         __extension__ (RUBY_CONST_ID_CACHE((ID), (str))) : \
      |                        ^~~~~~~~~~~~~~~~~~~~~~~~~~~~~~~~
/Users/ootashougo/.rbenv/versions/2.7.3/include/ruby-2.7.0/ruby/ruby.h:1832:5: note: expanded from macro 'RUBY_CONST_ID_CACHE'
 1832 |     {                                                   \
      |     ^
nokogiri.c:200:27: warning: '}' and ')' tokens terminating statement expression appear in different macro expansion contexts [-Wcompound-token-split-by-macro]
  200 |   rb_const_set(mNokogiri, rb_intern("LIBXML_LOADED_VERSION"), NOKOGIRI_STR_NEW2(xmlParserVersion));
      |                           ^~~~~~~~~~~~~~~~~~~~~~~~~~~~~~~~~~
/Users/ootashougo/.rbenv/versions/2.7.3/include/ruby-2.7.0/ruby/ruby.h:1847:24: note: expanded from macro 'rb_intern'
 1847 |         __extension__ (RUBY_CONST_ID_CACHE((ID), (str))) : \
      |                        ^~~~~~~~~~~~~~~~~~~~~~~~~~~~~~~~
/Users/ootashougo/.rbenv/versions/2.7.3/include/ruby-2.7.0/ruby/ruby.h:1837:5: note: expanded from macro 'RUBY_CONST_ID_CACHE'
 1837 |     }
      |     ^
nokogiri.c:200:27: note: ')' token is here
  200 |   rb_const_set(mNokogiri, rb_intern("LIBXML_LOADED_VERSION"), NOKOGIRI_STR_NEW2(xmlParserVersion));
      |                           ^~~~~~~~~~~~~~~~~~~~~~~~~~~~~~~~~~
/Users/ootashougo/.rbenv/versions/2.7.3/include/ruby-2.7.0/ruby/ruby.h:1847:56: note: expanded from macro 'rb_intern'
 1847 |         __extension__ (RUBY_CONST_ID_CACHE((ID), (str))) : \
      |                                                        ^
nokogiri.c:202:27: warning: '(' and '{' tokens introducing statement expression appear in different macro expansion contexts [-Wcompound-token-split-by-macro]
  202 |   rb_const_set(mNokogiri, rb_intern("LIBXSLT_COMPILED_VERSION"), NOKOGIRI_STR_NEW2(LIBXSLT_DOTTED_VERSION));
      |                           ^~~~~~~~~~~~~~~~~~~~~~~~~~~~~~~~~~~~~
/Users/ootashougo/.rbenv/versions/2.7.3/include/ruby-2.7.0/ruby/ruby.h:1847:23: note: expanded from macro 'rb_intern'
 1847 |         __extension__ (RUBY_CONST_ID_CACHE((ID), (str))) : \
      |                       ^
nokogiri.c:202:27: note: '{' token is here
  202 |   rb_const_set(mNokogiri, rb_intern("LIBXSLT_COMPILED_VERSION"), NOKOGIRI_STR_NEW2(LIBXSLT_DOTTED_VERSION));
      |                           ^~~~~~~~~~~~~~~~~~~~~~~~~~~~~~~~~~~~~
/Users/ootashougo/.rbenv/versions/2.7.3/include/ruby-2.7.0/ruby/ruby.h:1847:24: note: expanded from macro 'rb_intern'
 1847 |         __extension__ (RUBY_CONST_ID_CACHE((ID), (str))) : \
      |                        ^~~~~~~~~~~~~~~~~~~~~~~~~~~~~~~~
/Users/ootashougo/.rbenv/versions/2.7.3/include/ruby-2.7.0/ruby/ruby.h:1832:5: note: expanded from macro 'RUBY_CONST_ID_CACHE'
 1832 |     {                                                   \
      |     ^
nokogiri.c:202:27: warning: '}' and ')' tokens terminating statement expression appear in different macro expansion contexts [-Wcompound-token-split-by-macro]
  202 |   rb_const_set(mNokogiri, rb_intern("LIBXSLT_COMPILED_VERSION"), NOKOGIRI_STR_NEW2(LIBXSLT_DOTTED_VERSION));
      |                           ^~~~~~~~~~~~~~~~~~~~~~~~~~~~~~~~~~~~~
/Users/ootashougo/.rbenv/versions/2.7.3/include/ruby-2.7.0/ruby/ruby.h:1847:24: note: expanded from macro 'rb_intern'
 1847 |         __extension__ (RUBY_CONST_ID_CACHE((ID), (str))) : \
      |                        ^~~~~~~~~~~~~~~~~~~~~~~~~~~~~~~~
/Users/ootashougo/.rbenv/versions/2.7.3/include/ruby-2.7.0/ruby/ruby.h:1837:5: note: expanded from macro 'RUBY_CONST_ID_CACHE'
 1837 |     }
      |     ^
nokogiri.c:202:27: note: ')' token is here
  202 |   rb_const_set(mNokogiri, rb_intern("LIBXSLT_COMPILED_VERSION"), NOKOGIRI_STR_NEW2(LIBXSLT_DOTTED_VERSION));
      |                           ^~~~~~~~~~~~~~~~~~~~~~~~~~~~~~~~~~~~~
/Users/ootashougo/.rbenv/versions/2.7.3/include/ruby-2.7.0/ruby/ruby.h:1847:56: note: expanded from macro 'rb_intern'
 1847 |         __extension__ (RUBY_CONST_ID_CACHE((ID), (str))) : \
      |                                                        ^
nokogiri.c:203:27: warning: '(' and '{' tokens introducing statement expression appear in different macro expansion contexts [-Wcompound-token-split-by-macro]
  203 |   rb_const_set(mNokogiri, rb_intern("LIBXSLT_LOADED_VERSION"), NOKOGIRI_STR_NEW2(xsltEngineVersion));
      |                           ^~~~~~~~~~~~~~~~~~~~~~~~~~~~~~~~~~~
/Users/ootashougo/.rbenv/versions/2.7.3/include/ruby-2.7.0/ruby/ruby.h:1847:23: note: expanded from macro 'rb_intern'
 1847 |         __extension__ (RUBY_CONST_ID_CACHE((ID), (str))) : \
      |                       ^
nokogiri.c:203:27: note: '{' token is here
  203 |   rb_const_set(mNokogiri, rb_intern("LIBXSLT_LOADED_VERSION"), NOKOGIRI_STR_NEW2(xsltEngineVersion));
      |                           ^~~~~~~~~~~~~~~~~~~~~~~~~~~~~~~~~~~
/Users/ootashougo/.rbenv/versions/2.7.3/include/ruby-2.7.0/ruby/ruby.h:1847:24: note: expanded from macro 'rb_intern'
 1847 |         __extension__ (RUBY_CONST_ID_CACHE((ID), (str))) : \
      |                        ^~~~~~~~~~~~~~~~~~~~~~~~~~~~~~~~
/Users/ootashougo/.rbenv/versions/2.7.3/include/ruby-2.7.0/ruby/ruby.h:1832:5: note: expanded from macro 'RUBY_CONST_ID_CACHE'
 1832 |     {                                                   \
      |     ^
nokogiri.c:203:27: warning: '}' and ')' tokens terminating statement expression appear in different macro expansion contexts [-Wcompound-token-split-by-macro]
  203 |   rb_const_set(mNokogiri, rb_intern("LIBXSLT_LOADED_VERSION"), NOKOGIRI_STR_NEW2(xsltEngineVersion));
      |                           ^~~~~~~~~~~~~~~~~~~~~~~~~~~~~~~~~~~
/Users/ootashougo/.rbenv/versions/2.7.3/include/ruby-2.7.0/ruby/ruby.h:1847:24: note: expanded from macro 'rb_intern'
 1847 |         __extension__ (RUBY_CONST_ID_CACHE((ID), (str))) : \
      |                        ^~~~~~~~~~~~~~~~~~~~~~~~~~~~~~~~
/Users/ootashougo/.rbenv/versions/2.7.3/include/ruby-2.7.0/ruby/ruby.h:1837:5: note: expanded from macro 'RUBY_CONST_ID_CACHE'
 1837 |     }
      |     ^
nokogiri.c:203:27: note: ')' token is here
  203 |   rb_const_set(mNokogiri, rb_intern("LIBXSLT_LOADED_VERSION"), NOKOGIRI_STR_NEW2(xsltEngineVersion));
      |                           ^~~~~~~~~~~~~~~~~~~~~~~~~~~~~~~~~~~
/Users/ootashougo/.rbenv/versions/2.7.3/include/ruby-2.7.0/ruby/ruby.h:1847:56: note: expanded from macro 'rb_intern'
 1847 |         __extension__ (RUBY_CONST_ID_CACHE((ID), (str))) : \
      |                                                        ^
nokogiri.c:206:27: warning: '(' and '{' tokens introducing statement expression appear in different macro expansion contexts [-Wcompound-token-split-by-macro]
  206 |   rb_const_set(mNokogiri, rb_intern("PACKAGED_LIBRARIES"), Qtrue);
      |                           ^~~~~~~~~~~~~~~~~~~~~~~~~~~~~~~
/Users/ootashougo/.rbenv/versions/2.7.3/include/ruby-2.7.0/ruby/ruby.h:1847:23: note: expanded from macro 'rb_intern'
 1847 |         __extension__ (RUBY_CONST_ID_CACHE((ID), (str))) : \
      |                       ^
nokogiri.c:206:27: note: '{' token is here
  206 |   rb_const_set(mNokogiri, rb_intern("PACKAGED_LIBRARIES"), Qtrue);
      |                           ^~~~~~~~~~~~~~~~~~~~~~~~~~~~~~~
/Users/ootashougo/.rbenv/versions/2.7.3/include/ruby-2.7.0/ruby/ruby.h:1847:24: note: expanded from macro 'rb_intern'
 1847 |         __extension__ (RUBY_CONST_ID_CACHE((ID), (str))) : \
      |                        ^~~~~~~~~~~~~~~~~~~~~~~~~~~~~~~~
/Users/ootashougo/.rbenv/versions/2.7.3/include/ruby-2.7.0/ruby/ruby.h:1832:5: note: expanded from macro 'RUBY_CONST_ID_CACHE'
 1832 |     {                                                   \
      |     ^
nokogiri.c:206:27: warning: '}' and ')' tokens terminating statement expression appear in different macro expansion contexts [-Wcompound-token-split-by-macro]
  206 |   rb_const_set(mNokogiri, rb_intern("PACKAGED_LIBRARIES"), Qtrue);
      |                           ^~~~~~~~~~~~~~~~~~~~~~~~~~~~~~~
/Users/ootashougo/.rbenv/versions/2.7.3/include/ruby-2.7.0/ruby/ruby.h:1847:24: note: expanded from macro 'rb_intern'
 1847 |         __extension__ (RUBY_CONST_ID_CACHE((ID), (str))) : \
      |                        ^~~~~~~~~~~~~~~~~~~~~~~~~~~~~~~~
/Users/ootashougo/.rbenv/versions/2.7.3/include/ruby-2.7.0/ruby/ruby.h:1837:5: note: expanded from macro 'RUBY_CONST_ID_CACHE'
 1837 |     }
      |     ^
nokogiri.c:206:27: note: ')' token is here
  206 |   rb_const_set(mNokogiri, rb_intern("PACKAGED_LIBRARIES"), Qtrue);
      |                           ^~~~~~~~~~~~~~~~~~~~~~~~~~~~~~~
/Users/ootashougo/.rbenv/versions/2.7.3/include/ruby-2.7.0/ruby/ruby.h:1847:56: note: expanded from macro 'rb_intern'
 1847 |         __extension__ (RUBY_CONST_ID_CACHE((ID), (str))) : \
      |                                                        ^
nokogiri.c:210:27: warning: '(' and '{' tokens introducing statement expression appear in different macro expansion contexts [-Wcompound-token-split-by-macro]
  210 |   rb_const_set(mNokogiri, rb_intern("PRECOMPILED_LIBRARIES"), Qfalse);
      |                           ^~~~~~~~~~~~~~~~~~~~~~~~~~~~~~~~~~
/Users/ootashougo/.rbenv/versions/2.7.3/include/ruby-2.7.0/ruby/ruby.h:1847:23: note: expanded from macro 'rb_intern'
 1847 |         __extension__ (RUBY_CONST_ID_CACHE((ID), (str))) : \
      |                       ^
nokogiri.c:210:27: note: '{' token is here
  210 |   rb_const_set(mNokogiri, rb_intern("PRECOMPILED_LIBRARIES"), Qfalse);
      |                           ^~~~~~~~~~~~~~~~~~~~~~~~~~~~~~~~~~
/Users/ootashougo/.rbenv/versions/2.7.3/include/ruby-2.7.0/ruby/ruby.h:1847:24: note: expanded from macro 'rb_intern'
 1847 |         __extension__ (RUBY_CONST_ID_CACHE((ID), (str))) : \
      |                        ^~~~~~~~~~~~~~~~~~~~~~~~~~~~~~~~
/Users/ootashougo/.rbenv/versions/2.7.3/include/ruby-2.7.0/ruby/ruby.h:1832:5: note: expanded from macro 'RUBY_CONST_ID_CACHE'
 1832 |     {                                                   \
      |     ^
nokogiri.c:210:27: warning: '}' and ')' tokens terminating statement expression appear in different macro expansion contexts [-Wcompound-token-split-by-macro]
  210 |   rb_const_set(mNokogiri, rb_intern("PRECOMPILED_LIBRARIES"), Qfalse);
      |                           ^~~~~~~~~~~~~~~~~~~~~~~~~~~~~~~~~~
/Users/ootashougo/.rbenv/versions/2.7.3/include/ruby-2.7.0/ruby/ruby.h:1847:24: note: expanded from macro 'rb_intern'
 1847 |         __extension__ (RUBY_CONST_ID_CACHE((ID), (str))) : \
      |                        ^~~~~~~~~~~~~~~~~~~~~~~~~~~~~~~~
/Users/ootashougo/.rbenv/versions/2.7.3/include/ruby-2.7.0/ruby/ruby.h:1837:5: note: expanded from macro 'RUBY_CONST_ID_CACHE'
 1837 |     }
      |     ^
nokogiri.c:210:27: note: ')' token is here
  210 |   rb_const_set(mNokogiri, rb_intern("PRECOMPILED_LIBRARIES"), Qfalse);
      |                           ^~~~~~~~~~~~~~~~~~~~~~~~~~~~~~~~~~
/Users/ootashougo/.rbenv/versions/2.7.3/include/ruby-2.7.0/ruby/ruby.h:1847:56: note: expanded from macro 'rb_intern'
 1847 |         __extension__ (RUBY_CONST_ID_CACHE((ID), (str))) : \
      |                                                        ^
nokogiri.c:212:27: warning: '(' and '{' tokens introducing statement expression appear in different macro expansion contexts [-Wcompound-token-split-by-macro]
  212 |   rb_const_set(mNokogiri, rb_intern("LIBXML2_PATCHES"), rb_str_split(NOKOGIRI_STR_NEW2(NOKOGIRI_LIBXML2_PATCHES), " "));
      |                           ^~~~~~~~~~~~~~~~~~~~~~~~~~~~
/Users/ootashougo/.rbenv/versions/2.7.3/include/ruby-2.7.0/ruby/ruby.h:1847:23: note: expanded from macro 'rb_intern'
 1847 |         __extension__ (RUBY_CONST_ID_CACHE((ID), (str))) : \
      |                       ^
nokogiri.c:212:27: note: '{' token is here
  212 |   rb_const_set(mNokogiri, rb_intern("LIBXML2_PATCHES"), rb_str_split(NOKOGIRI_STR_NEW2(NOKOGIRI_LIBXML2_PATCHES), " "));
      |                           ^~~~~~~~~~~~~~~~~~~~~~~~~~~~
/Users/ootashougo/.rbenv/versions/2.7.3/include/ruby-2.7.0/ruby/ruby.h:1847:24: note: expanded from macro 'rb_intern'
 1847 |         __extension__ (RUBY_CONST_ID_CACHE((ID), (str))) : \
      |                        ^~~~~~~~~~~~~~~~~~~~~~~~~~~~~~~~
/Users/ootashougo/.rbenv/versions/2.7.3/include/ruby-2.7.0/ruby/ruby.h:1832:5: note: expanded from macro 'RUBY_CONST_ID_CACHE'
 1832 |     {                                                   \
      |     ^
nokogiri.c:212:27: warning: '}' and ')' tokens terminating statement expression appear in different macro expansion contexts [-Wcompound-token-split-by-macro]
  212 |   rb_const_set(mNokogiri, rb_intern("LIBXML2_PATCHES"), rb_str_split(NOKOGIRI_STR_NEW2(NOKOGIRI_LIBXML2_PATCHES), " "));
      |                           ^~~~~~~~~~~~~~~~~~~~~~~~~~~~
/Users/ootashougo/.rbenv/versions/2.7.3/include/ruby-2.7.0/ruby/ruby.h:1847:24: note: expanded from macro 'rb_intern'
 1847 |         __extension__ (RUBY_CONST_ID_CACHE((ID), (str))) : \
      |                        ^~~~~~~~~~~~~~~~~~~~~~~~~~~~~~~~
/Users/ootashougo/.rbenv/versions/2.7.3/include/ruby-2.7.0/ruby/ruby.h:1837:5: note: expanded from macro 'RUBY_CONST_ID_CACHE'
 1837 |     }
      |     ^
nokogiri.c:212:27: note: ')' token is here
  212 |   rb_const_set(mNokogiri, rb_intern("LIBXML2_PATCHES"), rb_str_split(NOKOGIRI_STR_NEW2(NOKOGIRI_LIBXML2_PATCHES), " "));
      |                           ^~~~~~~~~~~~~~~~~~~~~~~~~~~~
/Users/ootashougo/.rbenv/versions/2.7.3/include/ruby-2.7.0/ruby/ruby.h:1847:56: note: expanded from macro 'rb_intern'
 1847 |         __extension__ (RUBY_CONST_ID_CACHE((ID), (str))) : \
      |                                                        ^
nokogiri.c:213:27: warning: '(' and '{' tokens introducing statement expression appear in different macro expansion contexts [-Wcompound-token-split-by-macro]
  213 |   rb_const_set(mNokogiri, rb_intern("LIBXSLT_PATCHES"), rb_str_split(NOKOGIRI_STR_NEW2(NOKOGIRI_LIBXSLT_PATCHES), " "));
      |                           ^~~~~~~~~~~~~~~~~~~~~~~~~~~~
/Users/ootashougo/.rbenv/versions/2.7.3/include/ruby-2.7.0/ruby/ruby.h:1847:23: note: expanded from macro 'rb_intern'
 1847 |         __extension__ (RUBY_CONST_ID_CACHE((ID), (str))) : \
      |                       ^
nokogiri.c:213:27: note: '{' token is here
  213 |   rb_const_set(mNokogiri, rb_intern("LIBXSLT_PATCHES"), rb_str_split(NOKOGIRI_STR_NEW2(NOKOGIRI_LIBXSLT_PATCHES), " "));
      |                           ^~~~~~~~~~~~~~~~~~~~~~~~~~~~
/Users/ootashougo/.rbenv/versions/2.7.3/include/ruby-2.7.0/ruby/ruby.h:1847:24: note: expanded from macro 'rb_intern'
 1847 |         __extension__ (RUBY_CONST_ID_CACHE((ID), (str))) : \
      |                        ^~~~~~~~~~~~~~~~~~~~~~~~~~~~~~~~
/Users/ootashougo/.rbenv/versions/2.7.3/include/ruby-2.7.0/ruby/ruby.h:1832:5: note: expanded from macro 'RUBY_CONST_ID_CACHE'
 1832 |     {                                                   \
      |     ^
nokogiri.c:213:27: warning: '}' and ')' tokens terminating statement expression appear in different macro expansion contexts [-Wcompound-token-split-by-macro]
  213 |   rb_const_set(mNokogiri, rb_intern("LIBXSLT_PATCHES"), rb_str_split(NOKOGIRI_STR_NEW2(NOKOGIRI_LIBXSLT_PATCHES), " "));
      |                           ^~~~~~~~~~~~~~~~~~~~~~~~~~~~
/Users/ootashougo/.rbenv/versions/2.7.3/include/ruby-2.7.0/ruby/ruby.h:1847:24: note: expanded from macro 'rb_intern'
 1847 |         __extension__ (RUBY_CONST_ID_CACHE((ID), (str))) : \
      |                        ^~~~~~~~~~~~~~~~~~~~~~~~~~~~~~~~
/Users/ootashougo/.rbenv/versions/2.7.3/include/ruby-2.7.0/ruby/ruby.h:1837:5: note: expanded from macro 'RUBY_CONST_ID_CACHE'
 1837 |     }
      |     ^
nokogiri.c:213:27: note: ')' token is here
  213 |   rb_const_set(mNokogiri, rb_intern("LIBXSLT_PATCHES"), rb_str_split(NOKOGIRI_STR_NEW2(NOKOGIRI_LIBXSLT_PATCHES), " "));
      |                           ^~~~~~~~~~~~~~~~~~~~~~~~~~~~
/Users/ootashougo/.rbenv/versions/2.7.3/include/ruby-2.7.0/ruby/ruby.h:1847:56: note: expanded from macro 'rb_intern'
 1847 |         __extension__ (RUBY_CONST_ID_CACHE((ID), (str))) : \
      |                                                        ^
nokogiri.c:222:27: warning: '(' and '{' tokens introducing statement expression appear in different macro expansion contexts [-Wcompound-token-split-by-macro]
  222 |   rb_const_set(mNokogiri, rb_intern("LIBXML_ICONV_ENABLED"), Qtrue);
      |                           ^~~~~~~~~~~~~~~~~~~~~~~~~~~~~~~~~
/Users/ootashougo/.rbenv/versions/2.7.3/include/ruby-2.7.0/ruby/ruby.h:1847:23: note: expanded from macro 'rb_intern'
 1847 |         __extension__ (RUBY_CONST_ID_CACHE((ID), (str))) : \
      |                       ^
nokogiri.c:222:27: note: '{' token is here
  222 |   rb_const_set(mNokogiri, rb_intern("LIBXML_ICONV_ENABLED"), Qtrue);
      |                           ^~~~~~~~~~~~~~~~~~~~~~~~~~~~~~~~~
/Users/ootashougo/.rbenv/versions/2.7.3/include/ruby-2.7.0/ruby/ruby.h:1847:24: note: expanded from macro 'rb_intern'
 1847 |         __extension__ (RUBY_CONST_ID_CACHE((ID), (str))) : \
      |                        ^~~~~~~~~~~~~~~~~~~~~~~~~~~~~~~~
/Users/ootashougo/.rbenv/versions/2.7.3/include/ruby-2.7.0/ruby/ruby.h:1832:5: note: expanded from macro 'RUBY_CONST_ID_CACHE'
 1832 |     {                                                   \
      |     ^
nokogiri.c:222:27: warning: '}' and ')' tokens terminating statement expression appear in different macro expansion contexts [-Wcompound-token-split-by-macro]
  222 |   rb_const_set(mNokogiri, rb_intern("LIBXML_ICONV_ENABLED"), Qtrue);
      |                           ^~~~~~~~~~~~~~~~~~~~~~~~~~~~~~~~~
/Users/ootashougo/.rbenv/versions/2.7.3/include/ruby-2.7.0/ruby/ruby.h:1847:24: note: expanded from macro 'rb_intern'
 1847 |         __extension__ (RUBY_CONST_ID_CACHE((ID), (str))) : \
      |                        ^~~~~~~~~~~~~~~~~~~~~~~~~~~~~~~~
/Users/ootashougo/.rbenv/versions/2.7.3/include/ruby-2.7.0/ruby/ruby.h:1837:5: note: expanded from macro 'RUBY_CONST_ID_CACHE'
 1837 |     }
      |     ^
nokogiri.c:222:27: note: ')' token is here
  222 |   rb_const_set(mNokogiri, rb_intern("LIBXML_ICONV_ENABLED"), Qtrue);
      |                           ^~~~~~~~~~~~~~~~~~~~~~~~~~~~~~~~~
/Users/ootashougo/.rbenv/versions/2.7.3/include/ruby-2.7.0/ruby/ruby.h:1847:56: note: expanded from macro 'rb_intern'
 1847 |         __extension__ (RUBY_CONST_ID_CACHE((ID), (str))) : \
      |                                                        ^
nokogiri.c:228:27: warning: '(' and '{' tokens introducing statement expression appear in different macro expansion contexts [-Wcompound-token-split-by-macro]
  228 |   rb_const_set(mNokogiri, rb_intern("OTHER_LIBRARY_VERSIONS"), NOKOGIRI_STR_NEW2(NOKOGIRI_OTHER_LIBRARY_VERSIONS));
      |                           ^~~~~~~~~~~~~~~~~~~~~~~~~~~~~~~~~~~
/Users/ootashougo/.rbenv/versions/2.7.3/include/ruby-2.7.0/ruby/ruby.h:1847:23: note: expanded from macro 'rb_intern'
 1847 |         __extension__ (RUBY_CONST_ID_CACHE((ID), (str))) : \
      |                       ^
nokogiri.c:228:27: note: '{' token is here
  228 |   rb_const_set(mNokogiri, rb_intern("OTHER_LIBRARY_VERSIONS"), NOKOGIRI_STR_NEW2(NOKOGIRI_OTHER_LIBRARY_VERSIONS));
      |                           ^~~~~~~~~~~~~~~~~~~~~~~~~~~~~~~~~~~
/Users/ootashougo/.rbenv/versions/2.7.3/include/ruby-2.7.0/ruby/ruby.h:1847:24: note: expanded from macro 'rb_intern'
 1847 |         __extension__ (RUBY_CONST_ID_CACHE((ID), (str))) : \
      |                        ^~~~~~~~~~~~~~~~~~~~~~~~~~~~~~~~
/Users/ootashougo/.rbenv/versions/2.7.3/include/ruby-2.7.0/ruby/ruby.h:1832:5: note: expanded from macro 'RUBY_CONST_ID_CACHE'
 1832 |     {                                                   \
      |     ^
nokogiri.c:228:27: warning: '}' and ')' tokens terminating statement expression appear in different macro expansion contexts [-Wcompound-token-split-by-macro]
  228 |   rb_const_set(mNokogiri, rb_intern("OTHER_LIBRARY_VERSIONS"), NOKOGIRI_STR_NEW2(NOKOGIRI_OTHER_LIBRARY_VERSIONS));
      |                           ^~~~~~~~~~~~~~~~~~~~~~~~~~~~~~~~~~~
/Users/ootashougo/.rbenv/versions/2.7.3/include/ruby-2.7.0/ruby/ruby.h:1847:24: note: expanded from macro 'rb_intern'
 1847 |         __extension__ (RUBY_CONST_ID_CACHE((ID), (str))) : \
      |                        ^~~~~~~~~~~~~~~~~~~~~~~~~~~~~~~~
/Users/ootashougo/.rbenv/versions/2.7.3/include/ruby-2.7.0/ruby/ruby.h:1837:5: note: expanded from macro 'RUBY_CONST_ID_CACHE'
 1837 |     }
      |     ^
nokogiri.c:228:27: note: ')' token is here
  228 |   rb_const_set(mNokogiri, rb_intern("OTHER_LIBRARY_VERSIONS"), NOKOGIRI_STR_NEW2(NOKOGIRI_OTHER_LIBRARY_VERSIONS));
      |                           ^~~~~~~~~~~~~~~~~~~~~~~~~~~~~~~~~~~
/Users/ootashougo/.rbenv/versions/2.7.3/include/ruby-2.7.0/ruby/ruby.h:1847:56: note: expanded from macro 'rb_intern'
 1847 |         __extension__ (RUBY_CONST_ID_CACHE((ID), (str))) : \
      |                                                        ^
nokogiri.c:232:29: warning: '(' and '{' tokens introducing statement expression appear in different macro expansion contexts [-Wcompound-token-split-by-macro]
  232 |     rb_const_set(mNokogiri, rb_intern("LIBXSLT_DATETIME_ENABLED"), Qtrue);
      |                             ^~~~~~~~~~~~~~~~~~~~~~~~~~~~~~~~~~~~~
/Users/ootashougo/.rbenv/versions/2.7.3/include/ruby-2.7.0/ruby/ruby.h:1847:23: note: expanded from macro 'rb_intern'
 1847 |         __extension__ (RUBY_CONST_ID_CACHE((ID), (str))) : \
      |                       ^
nokogiri.c:232:29: note: '{' token is here
  232 |     rb_const_set(mNokogiri, rb_intern("LIBXSLT_DATETIME_ENABLED"), Qtrue);
      |                             ^~~~~~~~~~~~~~~~~~~~~~~~~~~~~~~~~~~~~
/Users/ootashougo/.rbenv/versions/2.7.3/include/ruby-2.7.0/ruby/ruby.h:1847:24: note: expanded from macro 'rb_intern'
 1847 |         __extension__ (RUBY_CONST_ID_CACHE((ID), (str))) : \
      |                        ^~~~~~~~~~~~~~~~~~~~~~~~~~~~~~~~
/Users/ootashougo/.rbenv/versions/2.7.3/include/ruby-2.7.0/ruby/ruby.h:1832:5: note: expanded from macro 'RUBY_CONST_ID_CACHE'
 1832 |     {                                                   \
      |     ^
nokogiri.c:232:29: warning: '}' and ')' tokens terminating statement expression appear in different macro expansion contexts [-Wcompound-token-split-by-macro]
  232 |     rb_const_set(mNokogiri, rb_intern("LIBXSLT_DATETIME_ENABLED"), Qtrue);
      |                             ^~~~~~~~~~~~~~~~~~~~~~~~~~~~~~~~~~~~~
/Users/ootashougo/.rbenv/versions/2.7.3/include/ruby-2.7.0/ruby/ruby.h:1847:24: note: expanded from macro 'rb_intern'
 1847 |         __extension__ (RUBY_CONST_ID_CACHE((ID), (str))) : \
      |                        ^~~~~~~~~~~~~~~~~~~~~~~~~~~~~~~~
/Users/ootashougo/.rbenv/versions/2.7.3/include/ruby-2.7.0/ruby/ruby.h:1837:5: note: expanded from macro 'RUBY_CONST_ID_CACHE'
 1837 |     }
      |     ^
nokogiri.c:232:29: note: ')' token is here
  232 |     rb_const_set(mNokogiri, rb_intern("LIBXSLT_DATETIME_ENABLED"), Qtrue);
      |                             ^~~~~~~~~~~~~~~~~~~~~~~~~~~~~~~~~~~~~
/Users/ootashougo/.rbenv/versions/2.7.3/include/ruby-2.7.0/ruby/ruby.h:1847:56: note: expanded from macro 'rb_intern'
 1847 |         __extension__ (RUBY_CONST_ID_CACHE((ID), (str))) : \
      |                                                        ^
nokogiri.c:234:29: warning: '(' and '{' tokens introducing statement expression appear in different macro expansion contexts [-Wcompound-token-split-by-macro]
  234 |     rb_const_set(mNokogiri, rb_intern("LIBXSLT_DATETIME_ENABLED"), Qfalse);
      |                             ^~~~~~~~~~~~~~~~~~~~~~~~~~~~~~~~~~~~~
/Users/ootashougo/.rbenv/versions/2.7.3/include/ruby-2.7.0/ruby/ruby.h:1847:23: note: expanded from macro 'rb_intern'
 1847 |         __extension__ (RUBY_CONST_ID_CACHE((ID), (str))) : \
      |                       ^
nokogiri.c:234:29: note: '{' token is here
  234 |     rb_const_set(mNokogiri, rb_intern("LIBXSLT_DATETIME_ENABLED"), Qfalse);
      |                             ^~~~~~~~~~~~~~~~~~~~~~~~~~~~~~~~~~~~~
/Users/ootashougo/.rbenv/versions/2.7.3/include/ruby-2.7.0/ruby/ruby.h:1847:24: note: expanded from macro 'rb_intern'
 1847 |         __extension__ (RUBY_CONST_ID_CACHE((ID), (str))) : \
      |                        ^~~~~~~~~~~~~~~~~~~~~~~~~~~~~~~~
/Users/ootashougo/.rbenv/versions/2.7.3/include/ruby-2.7.0/ruby/ruby.h:1832:5: note: expanded from macro 'RUBY_CONST_ID_CACHE'
 1832 |     {                                                   \
      |     ^
nokogiri.c:234:29: warning: '}' and ')' tokens terminating statement expression appear in different macro expansion contexts [-Wcompound-token-split-by-macro]
  234 |     rb_const_set(mNokogiri, rb_intern("LIBXSLT_DATETIME_ENABLED"), Qfalse);
      |                             ^~~~~~~~~~~~~~~~~~~~~~~~~~~~~~~~~~~~~
/Users/ootashougo/.rbenv/versions/2.7.3/include/ruby-2.7.0/ruby/ruby.h:1847:24: note: expanded from macro 'rb_intern'
 1847 |         __extension__ (RUBY_CONST_ID_CACHE((ID), (str))) : \
      |                        ^~~~~~~~~~~~~~~~~~~~~~~~~~~~~~~~
/Users/ootashougo/.rbenv/versions/2.7.3/include/ruby-2.7.0/ruby/ruby.h:1837:5: note: expanded from macro 'RUBY_CONST_ID_CACHE'
 1837 |     }
      |     ^
nokogiri.c:234:29: note: ')' token is here
  234 |     rb_const_set(mNokogiri, rb_intern("LIBXSLT_DATETIME_ENABLED"), Qfalse);
      |                             ^~~~~~~~~~~~~~~~~~~~~~~~~~~~~~~~~~~~~
/Users/ootashougo/.rbenv/versions/2.7.3/include/ruby-2.7.0/ruby/ruby.h:1847:56: note: expanded from macro 'rb_intern'
 1847 |         __extension__ (RUBY_CONST_ID_CACHE((ID), (str))) : \
      |                                                        ^
nokogiri.c:284:13: warning: '(' and '{' tokens introducing statement expression appear in different macro expansion contexts [-Wcompound-token-split-by-macro]
  284 |   id_read = rb_intern("read");
      |             ^~~~~~~~~~~~~~~~~
/Users/ootashougo/.rbenv/versions/2.7.3/include/ruby-2.7.0/ruby/ruby.h:1847:23: note: expanded from macro 'rb_intern'
 1847 |         __extension__ (RUBY_CONST_ID_CACHE((ID), (str))) : \
      |                       ^
nokogiri.c:284:13: note: '{' token is here
  284 |   id_read = rb_intern("read");
      |             ^~~~~~~~~~~~~~~~~
/Users/ootashougo/.rbenv/versions/2.7.3/include/ruby-2.7.0/ruby/ruby.h:1847:24: note: expanded from macro 'rb_intern'
 1847 |         __extension__ (RUBY_CONST_ID_CACHE((ID), (str))) : \
      |                        ^~~~~~~~~~~~~~~~~~~~~~~~~~~~~~~~
/Users/ootashougo/.rbenv/versions/2.7.3/include/ruby-2.7.0/ruby/ruby.h:1832:5: note: expanded from macro 'RUBY_CONST_ID_CACHE'
 1832 |     {                                                   \
      |     ^
nokogiri.c:284:13: warning: '}' and ')' tokens terminating statement expression appear in different macro expansion contexts [-Wcompound-token-split-by-macro]
  284 |   id_read = rb_intern("read");
      |             ^~~~~~~~~~~~~~~~~
/Users/ootashougo/.rbenv/versions/2.7.3/include/ruby-2.7.0/ruby/ruby.h:1847:24: note: expanded from macro 'rb_intern'
 1847 |         __extension__ (RUBY_CONST_ID_CACHE((ID), (str))) : \
      |                        ^~~~~~~~~~~~~~~~~~~~~~~~~~~~~~~~
/Users/ootashougo/.rbenv/versions/2.7.3/include/ruby-2.7.0/ruby/ruby.h:1837:5: note: expanded from macro 'RUBY_CONST_ID_CACHE'
 1837 |     }
      |     ^
nokogiri.c:284:13: note: ')' token is here
  284 |   id_read = rb_intern("read");
      |             ^~~~~~~~~~~~~~~~~
/Users/ootashougo/.rbenv/versions/2.7.3/include/ruby-2.7.0/ruby/ruby.h:1847:56: note: expanded from macro 'rb_intern'
 1847 |         __extension__ (RUBY_CONST_ID_CACHE((ID), (str))) : \
      |                                                        ^
nokogiri.c:285:14: warning: '(' and '{' tokens introducing statement expression appear in different macro expansion contexts [-Wcompound-token-split-by-macro]
  285 |   id_write = rb_intern("write");
      |              ^~~~~~~~~~~~~~~~~~
/Users/ootashougo/.rbenv/versions/2.7.3/include/ruby-2.7.0/ruby/ruby.h:1847:23: note: expanded from macro 'rb_intern'
 1847 |         __extension__ (RUBY_CONST_ID_CACHE((ID), (str))) : \
      |                       ^
nokogiri.c:285:14: note: '{' token is here
  285 |   id_write = rb_intern("write");
      |              ^~~~~~~~~~~~~~~~~~
/Users/ootashougo/.rbenv/versions/2.7.3/include/ruby-2.7.0/ruby/ruby.h:1847:24: note: expanded from macro 'rb_intern'
 1847 |         __extension__ (RUBY_CONST_ID_CACHE((ID), (str))) : \
      |                        ^~~~~~~~~~~~~~~~~~~~~~~~~~~~~~~~
/Users/ootashougo/.rbenv/versions/2.7.3/include/ruby-2.7.0/ruby/ruby.h:1832:5: note: expanded from macro 'RUBY_CONST_ID_CACHE'
 1832 |     {                                                   \
      |     ^
nokogiri.c:285:14: warning: '}' and ')' tokens terminating statement expression appear in different macro expansion contexts [-Wcompound-token-split-by-macro]
  285 |   id_write = rb_intern("write");
      |              ^~~~~~~~~~~~~~~~~~
/Users/ootashougo/.rbenv/versions/2.7.3/include/ruby-2.7.0/ruby/ruby.h:1847:24: note: expanded from macro 'rb_intern'
 1847 |         __extension__ (RUBY_CONST_ID_CACHE((ID), (str))) : \
      |                        ^~~~~~~~~~~~~~~~~~~~~~~~~~~~~~~~
/Users/ootashougo/.rbenv/versions/2.7.3/include/ruby-2.7.0/ruby/ruby.h:1837:5: note: expanded from macro 'RUBY_CONST_ID_CACHE'
 1837 |     }
      |     ^
nokogiri.c:285:14: note: ')' token is here
  285 |   id_write = rb_intern("write");
      |              ^~~~~~~~~~~~~~~~~~
/Users/ootashougo/.rbenv/versions/2.7.3/include/ruby-2.7.0/ruby/ruby.h:1847:56: note: expanded from macro 'rb_intern'
 1847 |         __extension__ (RUBY_CONST_ID_CACHE((ID), (str))) : \
      |                                                        ^
nokogiri.c:286:26: warning: '(' and '{' tokens introducing statement expression appear in different macro expansion contexts [-Wcompound-token-split-by-macro]
  286 |   id_external_encoding = rb_intern("external_encoding");
      |                          ^~~~~~~~~~~~~~~~~~~~~~~~~~~~~~
/Users/ootashougo/.rbenv/versions/2.7.3/include/ruby-2.7.0/ruby/ruby.h:1847:23: note: expanded from macro 'rb_intern'
 1847 |         __extension__ (RUBY_CONST_ID_CACHE((ID), (str))) : \
      |                       ^
nokogiri.c:286:26: note: '{' token is here
  286 |   id_external_encoding = rb_intern("external_encoding");
      |                          ^~~~~~~~~~~~~~~~~~~~~~~~~~~~~~
/Users/ootashougo/.rbenv/versions/2.7.3/include/ruby-2.7.0/ruby/ruby.h:1847:24: note: expanded from macro 'rb_intern'
 1847 |         __extension__ (RUBY_CONST_ID_CACHE((ID), (str))) : \
      |                        ^~~~~~~~~~~~~~~~~~~~~~~~~~~~~~~~
/Users/ootashougo/.rbenv/versions/2.7.3/include/ruby-2.7.0/ruby/ruby.h:1832:5: note: expanded from macro 'RUBY_CONST_ID_CACHE'
 1832 |     {                                                   \
      |     ^
nokogiri.c:286:26: warning: '}' and ')' tokens terminating statement expression appear in different macro expansion contexts [-Wcompound-token-split-by-macro]
  286 |   id_external_encoding = rb_intern("external_encoding");
      |                          ^~~~~~~~~~~~~~~~~~~~~~~~~~~~~~
/Users/ootashougo/.rbenv/versions/2.7.3/include/ruby-2.7.0/ruby/ruby.h:1847:24: note: expanded from macro 'rb_intern'
 1847 |         __extension__ (RUBY_CONST_ID_CACHE((ID), (str))) : \
      |                        ^~~~~~~~~~~~~~~~~~~~~~~~~~~~~~~~
/Users/ootashougo/.rbenv/versions/2.7.3/include/ruby-2.7.0/ruby/ruby.h:1837:5: note: expanded from macro 'RUBY_CONST_ID_CACHE'
 1837 |     }
      |     ^
nokogiri.c:286:26: note: ')' token is here
  286 |   id_external_encoding = rb_intern("external_encoding");
      |                          ^~~~~~~~~~~~~~~~~~~~~~~~~~~~~~
/Users/ootashougo/.rbenv/versions/2.7.3/include/ruby-2.7.0/ruby/ruby.h:1847:56: note: expanded from macro 'rb_intern'
 1847 |         __extension__ (RUBY_CONST_ID_CACHE((ID), (str))) : \
      |                                                        ^
34 warnings generated.
compiling test_global_handlers.c
test_global_handlers.c:8:43: warning: '(' and '{' tokens introducing statement expression appear in different macro expansion contexts [-Wcompound-token-split-by-macro]
    8 |   rb_funcall(foreign_error_handler_block, rb_intern("call"), 0);
      |                                           ^~~~~~~~~~~~~~~~~
/Users/ootashougo/.rbenv/versions/2.7.3/include/ruby-2.7.0/ruby/ruby.h:1847:23: note: expanded from macro 'rb_intern'
 1847 |         __extension__ (RUBY_CONST_ID_CACHE((ID), (str))) : \
      |                       ^
/Users/ootashougo/.rbenv/versions/2.7.3/include/ruby-2.7.0/ruby/ruby.h:2689:27: note: expanded from macro 'rb_funcall'
 2689 |         rb_funcallv(recv, mid, \
      |                           ^~~
test_global_handlers.c:8:43: note: '{' token is here
    8 |   rb_funcall(foreign_error_handler_block, rb_intern("call"), 0);
      |                                           ^~~~~~~~~~~~~~~~~
/Users/ootashougo/.rbenv/versions/2.7.3/include/ruby-2.7.0/ruby/ruby.h:1847:24: note: expanded from macro 'rb_intern'
 1847 |         __extension__ (RUBY_CONST_ID_CACHE((ID), (str))) : \
      |                        ^~~~~~~~~~~~~~~~~~~~~~~~~~~~~~~~
/Users/ootashougo/.rbenv/versions/2.7.3/include/ruby-2.7.0/ruby/ruby.h:1832:5: note: expanded from macro 'RUBY_CONST_ID_CACHE'
 1832 |     {                                                   \
      |     ^
/Users/ootashougo/.rbenv/versions/2.7.3/include/ruby-2.7.0/ruby/ruby.h:2689:27: note: expanded from macro 'rb_funcall'
 2689 |         rb_funcallv(recv, mid, \
      |                           ^~~
test_global_handlers.c:8:43: warning: '}' and ')' tokens terminating statement expression appear in different macro expansion contexts [-Wcompound-token-split-by-macro]
    8 |   rb_funcall(foreign_error_handler_block, rb_intern("call"), 0);
      |                                           ^~~~~~~~~~~~~~~~~
/Users/ootashougo/.rbenv/versions/2.7.3/include/ruby-2.7.0/ruby/ruby.h:1847:24: note: expanded from macro 'rb_intern'
 1847 |         __extension__ (RUBY_CONST_ID_CACHE((ID), (str))) : \
      |                        ^~~~~~~~~~~~~~~~~~~~~~~~~~~~~~~~
/Users/ootashougo/.rbenv/versions/2.7.3/include/ruby-2.7.0/ruby/ruby.h:1837:5: note: expanded from macro 'RUBY_CONST_ID_CACHE'
 1837 |     }
      |     ^
/Users/ootashougo/.rbenv/versions/2.7.3/include/ruby-2.7.0/ruby/ruby.h:2689:27: note: expanded from macro 'rb_funcall'
 2689 |         rb_funcallv(recv, mid, \
      |                           ^~~
test_global_handlers.c:8:43: note: ')' token is here
    8 |   rb_funcall(foreign_error_handler_block, rb_intern("call"), 0);
      |                                           ^~~~~~~~~~~~~~~~~
/Users/ootashougo/.rbenv/versions/2.7.3/include/ruby-2.7.0/ruby/ruby.h:1847:56: note: expanded from macro 'rb_intern'
 1847 |         __extension__ (RUBY_CONST_ID_CACHE((ID), (str))) : \
      |                                                        ^
/Users/ootashougo/.rbenv/versions/2.7.3/include/ruby-2.7.0/ruby/ruby.h:2689:27: note: expanded from macro 'rb_funcall'
 2689 |         rb_funcallv(recv, mid, \
      |                           ^~~
2 warnings generated.
compiling xml_attr.c
compiling xml_attribute_decl.c
compiling xml_cdata.c
compiling xml_comment.c
xml_comment.c:61:17: warning: '(' and '{' tokens introducing statement expression appear in different macro expansion contexts [-Wcompound-token-split-by-macro]
   61 |   document_id = rb_intern("document");
      |                 ^~~~~~~~~~~~~~~~~~~~~
/Users/ootashougo/.rbenv/versions/2.7.3/include/ruby-2.7.0/ruby/ruby.h:1847:23: note: expanded from macro 'rb_intern'
 1847 |         __extension__ (RUBY_CONST_ID_CACHE((ID), (str))) : \
      |                       ^
xml_comment.c:61:17: note: '{' token is here
   61 |   document_id = rb_intern("document");
      |                 ^~~~~~~~~~~~~~~~~~~~~
/Users/ootashougo/.rbenv/versions/2.7.3/include/ruby-2.7.0/ruby/ruby.h:1847:24: note: expanded from macro 'rb_intern'
 1847 |         __extension__ (RUBY_CONST_ID_CACHE((ID), (str))) : \
      |                        ^~~~~~~~~~~~~~~~~~~~~~~~~~~~~~~~
/Users/ootashougo/.rbenv/versions/2.7.3/include/ruby-2.7.0/ruby/ruby.h:1832:5: note: expanded from macro 'RUBY_CONST_ID_CACHE'
 1832 |     {                                                   \
      |     ^
xml_comment.c:61:17: warning: '}' and ')' tokens terminating statement expression appear in different macro expansion contexts [-Wcompound-token-split-by-macro]
   61 |   document_id = rb_intern("document");
      |                 ^~~~~~~~~~~~~~~~~~~~~
/Users/ootashougo/.rbenv/versions/2.7.3/include/ruby-2.7.0/ruby/ruby.h:1847:24: note: expanded from macro 'rb_intern'
 1847 |         __extension__ (RUBY_CONST_ID_CACHE((ID), (str))) : \
      |                        ^~~~~~~~~~~~~~~~~~~~~~~~~~~~~~~~
/Users/ootashougo/.rbenv/versions/2.7.3/include/ruby-2.7.0/ruby/ruby.h:1837:5: note: expanded from macro 'RUBY_CONST_ID_CACHE'
 1837 |     }
      |     ^
xml_comment.c:61:17: note: ')' token is here
   61 |   document_id = rb_intern("document");
      |                 ^~~~~~~~~~~~~~~~~~~~~
/Users/ootashougo/.rbenv/versions/2.7.3/include/ruby-2.7.0/ruby/ruby.h:1847:56: note: expanded from macro 'rb_intern'
 1847 |         __extension__ (RUBY_CONST_ID_CACHE((ID), (str))) : \
      |                                                        ^
2 warnings generated.
compiling xml_document.c
xml_document.c:568:27: warning: '(' and '{' tokens introducing statement expression appear in different macro expansion contexts [-Wcompound-token-split-by-macro]
  568 |   ret = rb_funcall(block, rb_intern("call"), 2, rb_node, rb_parent_node);
      |                           ^~~~~~~~~~~~~~~~~
/Users/ootashougo/.rbenv/versions/2.7.3/include/ruby-2.7.0/ruby/ruby.h:1847:23: note: expanded from macro 'rb_intern'
 1847 |         __extension__ (RUBY_CONST_ID_CACHE((ID), (str))) : \
      |                       ^
/Users/ootashougo/.rbenv/versions/2.7.3/include/ruby-2.7.0/ruby/ruby.h:2689:27: note: expanded from macro 'rb_funcall'
 2689 |         rb_funcallv(recv, mid, \
      |                           ^~~
xml_document.c:568:27: note: '{' token is here
  568 |   ret = rb_funcall(block, rb_intern("call"), 2, rb_node, rb_parent_node);
      |                           ^~~~~~~~~~~~~~~~~
/Users/ootashougo/.rbenv/versions/2.7.3/include/ruby-2.7.0/ruby/ruby.h:1847:24: note: expanded from macro 'rb_intern'
 1847 |         __extension__ (RUBY_CONST_ID_CACHE((ID), (str))) : \
      |                        ^~~~~~~~~~~~~~~~~~~~~~~~~~~~~~~~
/Users/ootashougo/.rbenv/versions/2.7.3/include/ruby-2.7.0/ruby/ruby.h:1832:5: note: expanded from macro 'RUBY_CONST_ID_CACHE'
 1832 |     {                                                   \
      |     ^
/Users/ootashougo/.rbenv/versions/2.7.3/include/ruby-2.7.0/ruby/ruby.h:2689:27: note: expanded from macro 'rb_funcall'
 2689 |         rb_funcallv(recv, mid, \
      |                           ^~~
xml_document.c:568:27: warning: '}' and ')' tokens terminating statement expression appear in different macro expansion contexts [-Wcompound-token-split-by-macro]
  568 |   ret = rb_funcall(block, rb_intern("call"), 2, rb_node, rb_parent_node);
      |                           ^~~~~~~~~~~~~~~~~
/Users/ootashougo/.rbenv/versions/2.7.3/include/ruby-2.7.0/ruby/ruby.h:1847:24: note: expanded from macro 'rb_intern'
 1847 |         __extension__ (RUBY_CONST_ID_CACHE((ID), (str))) : \
      |                        ^~~~~~~~~~~~~~~~~~~~~~~~~~~~~~~~
/Users/ootashougo/.rbenv/versions/2.7.3/include/ruby-2.7.0/ruby/ruby.h:1837:5: note: expanded from macro 'RUBY_CONST_ID_CACHE'
 1837 |     }
      |     ^
/Users/ootashougo/.rbenv/versions/2.7.3/include/ruby-2.7.0/ruby/ruby.h:2689:27: note: expanded from macro 'rb_funcall'
 2689 |         rb_funcallv(recv, mid, \
      |                           ^~~
xml_document.c:568:27: note: ')' token is here
  568 |   ret = rb_funcall(block, rb_intern("call"), 2, rb_node, rb_parent_node);
      |                           ^~~~~~~~~~~~~~~~~
/Users/ootashougo/.rbenv/versions/2.7.3/include/ruby-2.7.0/ruby/ruby.h:1847:56: note: expanded from macro 'rb_intern'
 1847 |         __extension__ (RUBY_CONST_ID_CACHE((ID), (str))) : \
      |                                                        ^
/Users/ootashougo/.rbenv/versions/2.7.3/include/ruby-2.7.0/ruby/ruby.h:2689:27: note: expanded from macro 'rb_funcall'
 2689 |         rb_funcallv(recv, mid, \
      |                           ^~~
xml_document.c:614:46: warning: '(' and '{' tokens introducing statement expression appear in different macro expansion contexts [-Wcompound-token-split-by-macro]
  614 |   rb_cStringIO = rb_const_get_at(rb_cObject, rb_intern("StringIO"));
      |                                              ^~~~~~~~~~~~~~~~~~~~~
/Users/ootashougo/.rbenv/versions/2.7.3/include/ruby-2.7.0/ruby/ruby.h:1847:23: note: expanded from macro 'rb_intern'
 1847 |         __extension__ (RUBY_CONST_ID_CACHE((ID), (str))) : \
      |                       ^
xml_document.c:614:46: note: '{' token is here
  614 |   rb_cStringIO = rb_const_get_at(rb_cObject, rb_intern("StringIO"));
      |                                              ^~~~~~~~~~~~~~~~~~~~~
/Users/ootashougo/.rbenv/versions/2.7.3/include/ruby-2.7.0/ruby/ruby.h:1847:24: note: expanded from macro 'rb_intern'
 1847 |         __extension__ (RUBY_CONST_ID_CACHE((ID), (str))) : \
      |                        ^~~~~~~~~~~~~~~~~~~~~~~~~~~~~~~~
/Users/ootashougo/.rbenv/versions/2.7.3/include/ruby-2.7.0/ruby/ruby.h:1832:5: note: expanded from macro 'RUBY_CONST_ID_CACHE'
 1832 |     {                                                   \
      |     ^
xml_document.c:614:46: warning: '}' and ')' tokens terminating statement expression appear in different macro expansion contexts [-Wcompound-token-split-by-macro]
  614 |   rb_cStringIO = rb_const_get_at(rb_cObject, rb_intern("StringIO"));
      |                                              ^~~~~~~~~~~~~~~~~~~~~
/Users/ootashougo/.rbenv/versions/2.7.3/include/ruby-2.7.0/ruby/ruby.h:1847:24: note: expanded from macro 'rb_intern'
 1847 |         __extension__ (RUBY_CONST_ID_CACHE((ID), (str))) : \
      |                        ^~~~~~~~~~~~~~~~~~~~~~~~~~~~~~~~
/Users/ootashougo/.rbenv/versions/2.7.3/include/ruby-2.7.0/ruby/ruby.h:1837:5: note: expanded from macro 'RUBY_CONST_ID_CACHE'
 1837 |     }
      |     ^
xml_document.c:614:46: note: ')' token is here
  614 |   rb_cStringIO = rb_const_get_at(rb_cObject, rb_intern("StringIO"));
      |                                              ^~~~~~~~~~~~~~~~~~~~~
/Users/ootashougo/.rbenv/versions/2.7.3/include/ruby-2.7.0/ruby/ruby.h:1847:56: note: expanded from macro 'rb_intern'
 1847 |         __extension__ (RUBY_CONST_ID_CACHE((ID), (str))) : \
      |                                                        ^
xml_document.c:647:28: warning: '(' and '{' tokens introducing statement expression appear in different macro expansion contexts [-Wcompound-token-split-by-macro]
  647 |   return rb_funcall(rb_io, rb_intern("string"), 0);
      |                            ^~~~~~~~~~~~~~~~~~~
/Users/ootashougo/.rbenv/versions/2.7.3/include/ruby-2.7.0/ruby/ruby.h:1847:23: note: expanded from macro 'rb_intern'
 1847 |         __extension__ (RUBY_CONST_ID_CACHE((ID), (str))) : \
      |                       ^
/Users/ootashougo/.rbenv/versions/2.7.3/include/ruby-2.7.0/ruby/ruby.h:2689:27: note: expanded from macro 'rb_funcall'
 2689 |         rb_funcallv(recv, mid, \
      |                           ^~~
xml_document.c:647:28: note: '{' token is here
  647 |   return rb_funcall(rb_io, rb_intern("string"), 0);
      |                            ^~~~~~~~~~~~~~~~~~~
/Users/ootashougo/.rbenv/versions/2.7.3/include/ruby-2.7.0/ruby/ruby.h:1847:24: note: expanded from macro 'rb_intern'
 1847 |         __extension__ (RUBY_CONST_ID_CACHE((ID), (str))) : \
      |                        ^~~~~~~~~~~~~~~~~~~~~~~~~~~~~~~~
/Users/ootashougo/.rbenv/versions/2.7.3/include/ruby-2.7.0/ruby/ruby.h:1832:5: note: expanded from macro 'RUBY_CONST_ID_CACHE'
 1832 |     {                                                   \
      |     ^
/Users/ootashougo/.rbenv/versions/2.7.3/include/ruby-2.7.0/ruby/ruby.h:2689:27: note: expanded from macro 'rb_funcall'
 2689 |         rb_funcallv(recv, mid, \
      |                           ^~~
xml_document.c:647:28: warning: '}' and ')' tokens terminating statement expression appear in different macro expansion contexts [-Wcompound-token-split-by-macro]
  647 |   return rb_funcall(rb_io, rb_intern("string"), 0);
      |                            ^~~~~~~~~~~~~~~~~~~
/Users/ootashougo/.rbenv/versions/2.7.3/include/ruby-2.7.0/ruby/ruby.h:1847:24: note: expanded from macro 'rb_intern'
 1847 |         __extension__ (RUBY_CONST_ID_CACHE((ID), (str))) : \
      |                        ^~~~~~~~~~~~~~~~~~~~~~~~~~~~~~~~
/Users/ootashougo/.rbenv/versions/2.7.3/include/ruby-2.7.0/ruby/ruby.h:1837:5: note: expanded from macro 'RUBY_CONST_ID_CACHE'
 1837 |     }
      |     ^
/Users/ootashougo/.rbenv/versions/2.7.3/include/ruby-2.7.0/ruby/ruby.h:2689:27: note: expanded from macro 'rb_funcall'
 2689 |         rb_funcallv(recv, mid, \
      |                           ^~~
xml_document.c:647:28: note: ')' token is here
  647 |   return rb_funcall(rb_io, rb_intern("string"), 0);
      |                            ^~~~~~~~~~~~~~~~~~~
/Users/ootashougo/.rbenv/versions/2.7.3/include/ruby-2.7.0/ruby/ruby.h:1847:56: note: expanded from macro 'rb_intern'
 1847 |         __extension__ (RUBY_CONST_ID_CACHE((ID), (str))) : \
      |                                                        ^
/Users/ootashougo/.rbenv/versions/2.7.3/include/ruby-2.7.0/ruby/ruby.h:2689:27: note: expanded from macro 'rb_funcall'
 2689 |         rb_funcallv(recv, mid, \
      |                           ^~~
6 warnings generated.
compiling xml_document_fragment.c
compiling xml_dtd.c
xml_dtd.c:18:56: warning: '(' and '{' tokens introducing statement expression appear in different macro expansion contexts [-Wcompound-token-split-by-macro]
   18 |   cNokogiriXmlNotation = rb_const_get_at(mNokogiriXml, rb_intern("Notation"));
      |                                                        ^~~~~~~~~~~~~~~~~~~~~
/Users/ootashougo/.rbenv/versions/2.7.3/include/ruby-2.7.0/ruby/ruby.h:1847:23: note: expanded from macro 'rb_intern'
 1847 |         __extension__ (RUBY_CONST_ID_CACHE((ID), (str))) : \
      |                       ^
xml_dtd.c:18:56: note: '{' token is here
   18 |   cNokogiriXmlNotation = rb_const_get_at(mNokogiriXml, rb_intern("Notation"));
      |                                                        ^~~~~~~~~~~~~~~~~~~~~
/Users/ootashougo/.rbenv/versions/2.7.3/include/ruby-2.7.0/ruby/ruby.h:1847:24: note: expanded from macro 'rb_intern'
 1847 |         __extension__ (RUBY_CONST_ID_CACHE((ID), (str))) : \
      |                        ^~~~~~~~~~~~~~~~~~~~~~~~~~~~~~~~
/Users/ootashougo/.rbenv/versions/2.7.3/include/ruby-2.7.0/ruby/ruby.h:1832:5: note: expanded from macro 'RUBY_CONST_ID_CACHE'
 1832 |     {                                                   \
      |     ^
xml_dtd.c:18:56: warning: '}' and ')' tokens terminating statement expression appear in different macro expansion contexts [-Wcompound-token-split-by-macro]
   18 |   cNokogiriXmlNotation = rb_const_get_at(mNokogiriXml, rb_intern("Notation"));
      |                                                        ^~~~~~~~~~~~~~~~~~~~~
/Users/ootashougo/.rbenv/versions/2.7.3/include/ruby-2.7.0/ruby/ruby.h:1847:24: note: expanded from macro 'rb_intern'
 1847 |         __extension__ (RUBY_CONST_ID_CACHE((ID), (str))) : \
      |                        ^~~~~~~~~~~~~~~~~~~~~~~~~~~~~~~~
/Users/ootashougo/.rbenv/versions/2.7.3/include/ruby-2.7.0/ruby/ruby.h:1837:5: note: expanded from macro 'RUBY_CONST_ID_CACHE'
 1837 |     }
      |     ^
xml_dtd.c:18:56: note: ')' token is here
   18 |   cNokogiriXmlNotation = rb_const_get_at(mNokogiriXml, rb_intern("Notation"));
      |                                                        ^~~~~~~~~~~~~~~~~~~~~
/Users/ootashougo/.rbenv/versions/2.7.3/include/ruby-2.7.0/ruby/ruby.h:1847:56: note: expanded from macro 'rb_intern'
 1847 |         __extension__ (RUBY_CONST_ID_CACHE((ID), (str))) : \
      |                                                        ^
2 warnings generated.
compiling xml_element_content.c
compiling xml_element_decl.c
xml_element_decl.c:68:17: warning: '(' and '{' tokens introducing statement expression appear in different macro expansion contexts [-Wcompound-token-split-by-macro]
   68 |   id_document = rb_intern("document");
      |                 ^~~~~~~~~~~~~~~~~~~~~
/Users/ootashougo/.rbenv/versions/2.7.3/include/ruby-2.7.0/ruby/ruby.h:1847:23: note: expanded from macro 'rb_intern'
 1847 |         __extension__ (RUBY_CONST_ID_CACHE((ID), (str))) : \
      |                       ^
xml_element_decl.c:68:17: note: '{' token is here
   68 |   id_document = rb_intern("document");
      |                 ^~~~~~~~~~~~~~~~~~~~~
/Users/ootashougo/.rbenv/versions/2.7.3/include/ruby-2.7.0/ruby/ruby.h:1847:24: note: expanded from macro 'rb_intern'
 1847 |         __extension__ (RUBY_CONST_ID_CACHE((ID), (str))) : \
      |                        ^~~~~~~~~~~~~~~~~~~~~~~~~~~~~~~~
/Users/ootashougo/.rbenv/versions/2.7.3/include/ruby-2.7.0/ruby/ruby.h:1832:5: note: expanded from macro 'RUBY_CONST_ID_CACHE'
 1832 |     {                                                   \
      |     ^
xml_element_decl.c:68:17: warning: '}' and ')' tokens terminating statement expression appear in different macro expansion contexts [-Wcompound-token-split-by-macro]
   68 |   id_document = rb_intern("document");
      |                 ^~~~~~~~~~~~~~~~~~~~~
/Users/ootashougo/.rbenv/versions/2.7.3/include/ruby-2.7.0/ruby/ruby.h:1847:24: note: expanded from macro 'rb_intern'
 1847 |         __extension__ (RUBY_CONST_ID_CACHE((ID), (str))) : \
      |                        ^~~~~~~~~~~~~~~~~~~~~~~~~~~~~~~~
/Users/ootashougo/.rbenv/versions/2.7.3/include/ruby-2.7.0/ruby/ruby.h:1837:5: note: expanded from macro 'RUBY_CONST_ID_CACHE'
 1837 |     }
      |     ^
xml_element_decl.c:68:17: note: ')' token is here
   68 |   id_document = rb_intern("document");
      |                 ^~~~~~~~~~~~~~~~~~~~~
/Users/ootashougo/.rbenv/versions/2.7.3/include/ruby-2.7.0/ruby/ruby.h:1847:56: note: expanded from macro 'rb_intern'
 1847 |         __extension__ (RUBY_CONST_ID_CACHE((ID), (str))) : \
      |                                                        ^
2 warnings generated.
compiling xml_encoding_handler.c
compiling xml_entity_decl.c
xml_entity_decl.c:100:40: warning: '(' and '{' tokens introducing statement expression appear in different macro expansion contexts [-Wcompound-token-split-by-macro]
  100 |   rb_const_set(cNokogiriXmlEntityDecl, rb_intern("INTERNAL_GENERAL"),
      |                                        ^~~~~~~~~~~~~~~~~~~~~~~~~~~~~
/Users/ootashougo/.rbenv/versions/2.7.3/include/ruby-2.7.0/ruby/ruby.h:1847:23: note: expanded from macro 'rb_intern'
 1847 |         __extension__ (RUBY_CONST_ID_CACHE((ID), (str))) : \
      |                       ^
xml_entity_decl.c:100:40: note: '{' token is here
  100 |   rb_const_set(cNokogiriXmlEntityDecl, rb_intern("INTERNAL_GENERAL"),
      |                                        ^~~~~~~~~~~~~~~~~~~~~~~~~~~~~
/Users/ootashougo/.rbenv/versions/2.7.3/include/ruby-2.7.0/ruby/ruby.h:1847:24: note: expanded from macro 'rb_intern'
 1847 |         __extension__ (RUBY_CONST_ID_CACHE((ID), (str))) : \
      |                        ^~~~~~~~~~~~~~~~~~~~~~~~~~~~~~~~
/Users/ootashougo/.rbenv/versions/2.7.3/include/ruby-2.7.0/ruby/ruby.h:1832:5: note: expanded from macro 'RUBY_CONST_ID_CACHE'
 1832 |     {                                                   \
      |     ^
xml_entity_decl.c:100:40: warning: '}' and ')' tokens terminating statement expression appear in different macro expansion contexts [-Wcompound-token-split-by-macro]
  100 |   rb_const_set(cNokogiriXmlEntityDecl, rb_intern("INTERNAL_GENERAL"),
      |                                        ^~~~~~~~~~~~~~~~~~~~~~~~~~~~~
/Users/ootashougo/.rbenv/versions/2.7.3/include/ruby-2.7.0/ruby/ruby.h:1847:24: note: expanded from macro 'rb_intern'
 1847 |         __extension__ (RUBY_CONST_ID_CACHE((ID), (str))) : \
      |                        ^~~~~~~~~~~~~~~~~~~~~~~~~~~~~~~~
/Users/ootashougo/.rbenv/versions/2.7.3/include/ruby-2.7.0/ruby/ruby.h:1837:5: note: expanded from macro 'RUBY_CONST_ID_CACHE'
 1837 |     }
      |     ^
xml_entity_decl.c:100:40: note: ')' token is here
  100 |   rb_const_set(cNokogiriXmlEntityDecl, rb_intern("INTERNAL_GENERAL"),
      |                                        ^~~~~~~~~~~~~~~~~~~~~~~~~~~~~
/Users/ootashougo/.rbenv/versions/2.7.3/include/ruby-2.7.0/ruby/ruby.h:1847:56: note: expanded from macro 'rb_intern'
 1847 |         __extension__ (RUBY_CONST_ID_CACHE((ID), (str))) : \
      |                                                        ^
xml_entity_decl.c:102:40: warning: '(' and '{' tokens introducing statement expression appear in different macro expansion contexts [-Wcompound-token-split-by-macro]
  102 |   rb_const_set(cNokogiriXmlEntityDecl, rb_intern("EXTERNAL_GENERAL_PARSED"),
      |                                        ^~~~~~~~~~~~~~~~~~~~~~~~~~~~~~~~~~~~
/Users/ootashougo/.rbenv/versions/2.7.3/include/ruby-2.7.0/ruby/ruby.h:1847:23: note: expanded from macro 'rb_intern'
 1847 |         __extension__ (RUBY_CONST_ID_CACHE((ID), (str))) : \
      |                       ^
xml_entity_decl.c:102:40: note: '{' token is here
  102 |   rb_const_set(cNokogiriXmlEntityDecl, rb_intern("EXTERNAL_GENERAL_PARSED"),
      |                                        ^~~~~~~~~~~~~~~~~~~~~~~~~~~~~~~~~~~~
/Users/ootashougo/.rbenv/versions/2.7.3/include/ruby-2.7.0/ruby/ruby.h:1847:24: note: expanded from macro 'rb_intern'
 1847 |         __extension__ (RUBY_CONST_ID_CACHE((ID), (str))) : \
      |                        ^~~~~~~~~~~~~~~~~~~~~~~~~~~~~~~~
/Users/ootashougo/.rbenv/versions/2.7.3/include/ruby-2.7.0/ruby/ruby.h:1832:5: note: expanded from macro 'RUBY_CONST_ID_CACHE'
 1832 |     {                                                   \
      |     ^
xml_entity_decl.c:102:40: warning: '}' and ')' tokens terminating statement expression appear in different macro expansion contexts [-Wcompound-token-split-by-macro]
  102 |   rb_const_set(cNokogiriXmlEntityDecl, rb_intern("EXTERNAL_GENERAL_PARSED"),
      |                                        ^~~~~~~~~~~~~~~~~~~~~~~~~~~~~~~~~~~~
/Users/ootashougo/.rbenv/versions/2.7.3/include/ruby-2.7.0/ruby/ruby.h:1847:24: note: expanded from macro 'rb_intern'
 1847 |         __extension__ (RUBY_CONST_ID_CACHE((ID), (str))) : \
      |                        ^~~~~~~~~~~~~~~~~~~~~~~~~~~~~~~~
/Users/ootashougo/.rbenv/versions/2.7.3/include/ruby-2.7.0/ruby/ruby.h:1837:5: note: expanded from macro 'RUBY_CONST_ID_CACHE'
 1837 |     }
      |     ^
xml_entity_decl.c:102:40: note: ')' token is here
  102 |   rb_const_set(cNokogiriXmlEntityDecl, rb_intern("EXTERNAL_GENERAL_PARSED"),
      |                                        ^~~~~~~~~~~~~~~~~~~~~~~~~~~~~~~~~~~~
/Users/ootashougo/.rbenv/versions/2.7.3/include/ruby-2.7.0/ruby/ruby.h:1847:56: note: expanded from macro 'rb_intern'
 1847 |         __extension__ (RUBY_CONST_ID_CACHE((ID), (str))) : \
      |                                                        ^
xml_entity_decl.c:104:40: warning: '(' and '{' tokens introducing statement expression appear in different macro expansion contexts [-Wcompound-token-split-by-macro]
  104 |   rb_const_set(cNokogiriXmlEntityDecl, rb_intern("EXTERNAL_GENERAL_UNPARSED"),
      |                                        ^~~~~~~~~~~~~~~~~~~~~~~~~~~~~~~~~~~~~~
/Users/ootashougo/.rbenv/versions/2.7.3/include/ruby-2.7.0/ruby/ruby.h:1847:23: note: expanded from macro 'rb_intern'
 1847 |         __extension__ (RUBY_CONST_ID_CACHE((ID), (str))) : \
      |                       ^
xml_entity_decl.c:104:40: note: '{' token is here
  104 |   rb_const_set(cNokogiriXmlEntityDecl, rb_intern("EXTERNAL_GENERAL_UNPARSED"),
      |                                        ^~~~~~~~~~~~~~~~~~~~~~~~~~~~~~~~~~~~~~
/Users/ootashougo/.rbenv/versions/2.7.3/include/ruby-2.7.0/ruby/ruby.h:1847:24: note: expanded from macro 'rb_intern'
 1847 |         __extension__ (RUBY_CONST_ID_CACHE((ID), (str))) : \
      |                        ^~~~~~~~~~~~~~~~~~~~~~~~~~~~~~~~
/Users/ootashougo/.rbenv/versions/2.7.3/include/ruby-2.7.0/ruby/ruby.h:1832:5: note: expanded from macro 'RUBY_CONST_ID_CACHE'
 1832 |     {                                                   \
      |     ^
xml_entity_decl.c:104:40: warning: '}' and ')' tokens terminating statement expression appear in different macro expansion contexts [-Wcompound-token-split-by-macro]
  104 |   rb_const_set(cNokogiriXmlEntityDecl, rb_intern("EXTERNAL_GENERAL_UNPARSED"),
      |                                        ^~~~~~~~~~~~~~~~~~~~~~~~~~~~~~~~~~~~~~
/Users/ootashougo/.rbenv/versions/2.7.3/include/ruby-2.7.0/ruby/ruby.h:1847:24: note: expanded from macro 'rb_intern'
 1847 |         __extension__ (RUBY_CONST_ID_CACHE((ID), (str))) : \
      |                        ^~~~~~~~~~~~~~~~~~~~~~~~~~~~~~~~
/Users/ootashougo/.rbenv/versions/2.7.3/include/ruby-2.7.0/ruby/ruby.h:1837:5: note: expanded from macro 'RUBY_CONST_ID_CACHE'
 1837 |     }
      |     ^
xml_entity_decl.c:104:40: note: ')' token is here
  104 |   rb_const_set(cNokogiriXmlEntityDecl, rb_intern("EXTERNAL_GENERAL_UNPARSED"),
      |                                        ^~~~~~~~~~~~~~~~~~~~~~~~~~~~~~~~~~~~~~
/Users/ootashougo/.rbenv/versions/2.7.3/include/ruby-2.7.0/ruby/ruby.h:1847:56: note: expanded from macro 'rb_intern'
 1847 |         __extension__ (RUBY_CONST_ID_CACHE((ID), (str))) : \
      |                                                        ^
xml_entity_decl.c:106:40: warning: '(' and '{' tokens introducing statement expression appear in different macro expansion contexts [-Wcompound-token-split-by-macro]
  106 |   rb_const_set(cNokogiriXmlEntityDecl, rb_intern("INTERNAL_PARAMETER"),
      |                                        ^~~~~~~~~~~~~~~~~~~~~~~~~~~~~~~
/Users/ootashougo/.rbenv/versions/2.7.3/include/ruby-2.7.0/ruby/ruby.h:1847:23: note: expanded from macro 'rb_intern'
 1847 |         __extension__ (RUBY_CONST_ID_CACHE((ID), (str))) : \
      |                       ^
xml_entity_decl.c:106:40: note: '{' token is here
  106 |   rb_const_set(cNokogiriXmlEntityDecl, rb_intern("INTERNAL_PARAMETER"),
      |                                        ^~~~~~~~~~~~~~~~~~~~~~~~~~~~~~~
/Users/ootashougo/.rbenv/versions/2.7.3/include/ruby-2.7.0/ruby/ruby.h:1847:24: note: expanded from macro 'rb_intern'
 1847 |         __extension__ (RUBY_CONST_ID_CACHE((ID), (str))) : \
      |                        ^~~~~~~~~~~~~~~~~~~~~~~~~~~~~~~~
/Users/ootashougo/.rbenv/versions/2.7.3/include/ruby-2.7.0/ruby/ruby.h:1832:5: note: expanded from macro 'RUBY_CONST_ID_CACHE'
 1832 |     {                                                   \
      |     ^
xml_entity_decl.c:106:40: warning: '}' and ')' tokens terminating statement expression appear in different macro expansion contexts [-Wcompound-token-split-by-macro]
  106 |   rb_const_set(cNokogiriXmlEntityDecl, rb_intern("INTERNAL_PARAMETER"),
      |                                        ^~~~~~~~~~~~~~~~~~~~~~~~~~~~~~~
/Users/ootashougo/.rbenv/versions/2.7.3/include/ruby-2.7.0/ruby/ruby.h:1847:24: note: expanded from macro 'rb_intern'
 1847 |         __extension__ (RUBY_CONST_ID_CACHE((ID), (str))) : \
      |                        ^~~~~~~~~~~~~~~~~~~~~~~~~~~~~~~~
/Users/ootashougo/.rbenv/versions/2.7.3/include/ruby-2.7.0/ruby/ruby.h:1837:5: note: expanded from macro 'RUBY_CONST_ID_CACHE'
 1837 |     }
      |     ^
xml_entity_decl.c:106:40: note: ')' token is here
  106 |   rb_const_set(cNokogiriXmlEntityDecl, rb_intern("INTERNAL_PARAMETER"),
      |                                        ^~~~~~~~~~~~~~~~~~~~~~~~~~~~~~~
/Users/ootashougo/.rbenv/versions/2.7.3/include/ruby-2.7.0/ruby/ruby.h:1847:56: note: expanded from macro 'rb_intern'
 1847 |         __extension__ (RUBY_CONST_ID_CACHE((ID), (str))) : \
      |                                                        ^
xml_entity_decl.c:108:40: warning: '(' and '{' tokens introducing statement expression appear in different macro expansion contexts [-Wcompound-token-split-by-macro]
  108 |   rb_const_set(cNokogiriXmlEntityDecl, rb_intern("EXTERNAL_PARAMETER"),
      |                                        ^~~~~~~~~~~~~~~~~~~~~~~~~~~~~~~
/Users/ootashougo/.rbenv/versions/2.7.3/include/ruby-2.7.0/ruby/ruby.h:1847:23: note: expanded from macro 'rb_intern'
 1847 |         __extension__ (RUBY_CONST_ID_CACHE((ID), (str))) : \
      |                       ^
xml_entity_decl.c:108:40: note: '{' token is here
  108 |   rb_const_set(cNokogiriXmlEntityDecl, rb_intern("EXTERNAL_PARAMETER"),
      |                                        ^~~~~~~~~~~~~~~~~~~~~~~~~~~~~~~
/Users/ootashougo/.rbenv/versions/2.7.3/include/ruby-2.7.0/ruby/ruby.h:1847:24: note: expanded from macro 'rb_intern'
 1847 |         __extension__ (RUBY_CONST_ID_CACHE((ID), (str))) : \
      |                        ^~~~~~~~~~~~~~~~~~~~~~~~~~~~~~~~
/Users/ootashougo/.rbenv/versions/2.7.3/include/ruby-2.7.0/ruby/ruby.h:1832:5: note: expanded from macro 'RUBY_CONST_ID_CACHE'
 1832 |     {                                                   \
      |     ^
xml_entity_decl.c:108:40: warning: '}' and ')' tokens terminating statement expression appear in different macro expansion contexts [-Wcompound-token-split-by-macro]
  108 |   rb_const_set(cNokogiriXmlEntityDecl, rb_intern("EXTERNAL_PARAMETER"),
      |                                        ^~~~~~~~~~~~~~~~~~~~~~~~~~~~~~~
/Users/ootashougo/.rbenv/versions/2.7.3/include/ruby-2.7.0/ruby/ruby.h:1847:24: note: expanded from macro 'rb_intern'
 1847 |         __extension__ (RUBY_CONST_ID_CACHE((ID), (str))) : \
      |                        ^~~~~~~~~~~~~~~~~~~~~~~~~~~~~~~~
/Users/ootashougo/.rbenv/versions/2.7.3/include/ruby-2.7.0/ruby/ruby.h:1837:5: note: expanded from macro 'RUBY_CONST_ID_CACHE'
 1837 |     }
      |     ^
xml_entity_decl.c:108:40: note: ')' token is here
  108 |   rb_const_set(cNokogiriXmlEntityDecl, rb_intern("EXTERNAL_PARAMETER"),
      |                                        ^~~~~~~~~~~~~~~~~~~~~~~~~~~~~~~
/Users/ootashougo/.rbenv/versions/2.7.3/include/ruby-2.7.0/ruby/ruby.h:1847:56: note: expanded from macro 'rb_intern'
 1847 |         __extension__ (RUBY_CONST_ID_CACHE((ID), (str))) : \
      |                                                        ^
xml_entity_decl.c:110:40: warning: '(' and '{' tokens introducing statement expression appear in different macro expansion contexts [-Wcompound-token-split-by-macro]
  110 |   rb_const_set(cNokogiriXmlEntityDecl, rb_intern("INTERNAL_PREDEFINED"),
      |                                        ^~~~~~~~~~~~~~~~~~~~~~~~~~~~~~~~
/Users/ootashougo/.rbenv/versions/2.7.3/include/ruby-2.7.0/ruby/ruby.h:1847:23: note: expanded from macro 'rb_intern'
 1847 |         __extension__ (RUBY_CONST_ID_CACHE((ID), (str))) : \
      |                       ^
xml_entity_decl.c:110:40: note: '{' token is here
  110 |   rb_const_set(cNokogiriXmlEntityDecl, rb_intern("INTERNAL_PREDEFINED"),
      |                                        ^~~~~~~~~~~~~~~~~~~~~~~~~~~~~~~~
/Users/ootashougo/.rbenv/versions/2.7.3/include/ruby-2.7.0/ruby/ruby.h:1847:24: note: expanded from macro 'rb_intern'
 1847 |         __extension__ (RUBY_CONST_ID_CACHE((ID), (str))) : \
      |                        ^~~~~~~~~~~~~~~~~~~~~~~~~~~~~~~~
/Users/ootashougo/.rbenv/versions/2.7.3/include/ruby-2.7.0/ruby/ruby.h:1832:5: note: expanded from macro 'RUBY_CONST_ID_CACHE'
 1832 |     {                                                   \
      |     ^
xml_entity_decl.c:110:40: warning: '}' and ')' tokens terminating statement expression appear in different macro expansion contexts [-Wcompound-token-split-by-macro]
  110 |   rb_const_set(cNokogiriXmlEntityDecl, rb_intern("INTERNAL_PREDEFINED"),
      |                                        ^~~~~~~~~~~~~~~~~~~~~~~~~~~~~~~~
/Users/ootashougo/.rbenv/versions/2.7.3/include/ruby-2.7.0/ruby/ruby.h:1847:24: note: expanded from macro 'rb_intern'
 1847 |         __extension__ (RUBY_CONST_ID_CACHE((ID), (str))) : \
      |                        ^~~~~~~~~~~~~~~~~~~~~~~~~~~~~~~~
/Users/ootashougo/.rbenv/versions/2.7.3/include/ruby-2.7.0/ruby/ruby.h:1837:5: note: expanded from macro 'RUBY_CONST_ID_CACHE'
 1837 |     }
      |     ^
xml_entity_decl.c:110:40: note: ')' token is here
  110 |   rb_const_set(cNokogiriXmlEntityDecl, rb_intern("INTERNAL_PREDEFINED"),
      |                                        ^~~~~~~~~~~~~~~~~~~~~~~~~~~~~~~~
/Users/ootashougo/.rbenv/versions/2.7.3/include/ruby-2.7.0/ruby/ruby.h:1847:56: note: expanded from macro 'rb_intern'
 1847 |         __extension__ (RUBY_CONST_ID_CACHE((ID), (str))) : \
      |                                                        ^
12 warnings generated.
compiling xml_entity_reference.c
compiling xml_namespace.c
compiling xml_node.c
xml_node.c:2423:22: warning: '(' and '{' tokens introducing statement expression appear in different macro expansion contexts [-Wcompound-token-split-by-macro]
 2423 |   id_decorate      = rb_intern("decorate");
      |                      ^~~~~~~~~~~~~~~~~~~~~
/Users/ootashougo/.rbenv/versions/2.7.3/include/ruby-2.7.0/ruby/ruby.h:1847:23: note: expanded from macro 'rb_intern'
 1847 |         __extension__ (RUBY_CONST_ID_CACHE((ID), (str))) : \
      |                       ^
xml_node.c:2423:22: note: '{' token is here
 2423 |   id_decorate      = rb_intern("decorate");
      |                      ^~~~~~~~~~~~~~~~~~~~~
/Users/ootashougo/.rbenv/versions/2.7.3/include/ruby-2.7.0/ruby/ruby.h:1847:24: note: expanded from macro 'rb_intern'
 1847 |         __extension__ (RUBY_CONST_ID_CACHE((ID), (str))) : \
      |                        ^~~~~~~~~~~~~~~~~~~~~~~~~~~~~~~~
/Users/ootashougo/.rbenv/versions/2.7.3/include/ruby-2.7.0/ruby/ruby.h:1832:5: note: expanded from macro 'RUBY_CONST_ID_CACHE'
 1832 |     {                                                   \
      |     ^
xml_node.c:2423:22: warning: '}' and ')' tokens terminating statement expression appear in different macro expansion contexts [-Wcompound-token-split-by-macro]
 2423 |   id_decorate      = rb_intern("decorate");
      |                      ^~~~~~~~~~~~~~~~~~~~~
/Users/ootashougo/.rbenv/versions/2.7.3/include/ruby-2.7.0/ruby/ruby.h:1847:24: note: expanded from macro 'rb_intern'
 1847 |         __extension__ (RUBY_CONST_ID_CACHE((ID), (str))) : \
      |                        ^~~~~~~~~~~~~~~~~~~~~~~~~~~~~~~~
/Users/ootashougo/.rbenv/versions/2.7.3/include/ruby-2.7.0/ruby/ruby.h:1837:5: note: expanded from macro 'RUBY_CONST_ID_CACHE'
 1837 |     }
      |     ^
xml_node.c:2423:22: note: ')' token is here
 2423 |   id_decorate      = rb_intern("decorate");
      |                      ^~~~~~~~~~~~~~~~~~~~~
/Users/ootashougo/.rbenv/versions/2.7.3/include/ruby-2.7.0/ruby/ruby.h:1847:56: note: expanded from macro 'rb_intern'
 1847 |         __extension__ (RUBY_CONST_ID_CACHE((ID), (str))) : \
      |                                                        ^
xml_node.c:2424:22: warning: '(' and '{' tokens introducing statement expression appear in different macro expansion contexts [-Wcompound-token-split-by-macro]
 2424 |   id_decorate_bang = rb_intern("decorate!");
      |                      ^~~~~~~~~~~~~~~~~~~~~~
/Users/ootashougo/.rbenv/versions/2.7.3/include/ruby-2.7.0/ruby/ruby.h:1847:23: note: expanded from macro 'rb_intern'
 1847 |         __extension__ (RUBY_CONST_ID_CACHE((ID), (str))) : \
      |                       ^
xml_node.c:2424:22: note: '{' token is here
 2424 |   id_decorate_bang = rb_intern("decorate!");
      |                      ^~~~~~~~~~~~~~~~~~~~~~
/Users/ootashougo/.rbenv/versions/2.7.3/include/ruby-2.7.0/ruby/ruby.h:1847:24: note: expanded from macro 'rb_intern'
 1847 |         __extension__ (RUBY_CONST_ID_CACHE((ID), (str))) : \
      |                        ^~~~~~~~~~~~~~~~~~~~~~~~~~~~~~~~
/Users/ootashougo/.rbenv/versions/2.7.3/include/ruby-2.7.0/ruby/ruby.h:1832:5: note: expanded from macro 'RUBY_CONST_ID_CACHE'
 1832 |     {                                                   \
      |     ^
xml_node.c:2424:22: warning: '}' and ')' tokens terminating statement expression appear in different macro expansion contexts [-Wcompound-token-split-by-macro]
 2424 |   id_decorate_bang = rb_intern("decorate!");
      |                      ^~~~~~~~~~~~~~~~~~~~~~
/Users/ootashougo/.rbenv/versions/2.7.3/include/ruby-2.7.0/ruby/ruby.h:1847:24: note: expanded from macro 'rb_intern'
 1847 |         __extension__ (RUBY_CONST_ID_CACHE((ID), (str))) : \
      |                        ^~~~~~~~~~~~~~~~~~~~~~~~~~~~~~~~
/Users/ootashougo/.rbenv/versions/2.7.3/include/ruby-2.7.0/ruby/ruby.h:1837:5: note: expanded from macro 'RUBY_CONST_ID_CACHE'
 1837 |     }
      |     ^
xml_node.c:2424:22: note: ')' token is here
 2424 |   id_decorate_bang = rb_intern("decorate!");
      |                      ^~~~~~~~~~~~~~~~~~~~~~
/Users/ootashougo/.rbenv/versions/2.7.3/include/ruby-2.7.0/ruby/ruby.h:1847:56: note: expanded from macro 'rb_intern'
 1847 |         __extension__ (RUBY_CONST_ID_CACHE((ID), (str))) : \
      |                                                        ^
4 warnings generated.
compiling xml_node_set.c
xml_node_set.c:440:24: warning: '(' and '{' tokens introducing statement expression appear in different macro expansion contexts [-Wcompound-token-split-by-macro]
  440 |       rb_funcall(node, rb_intern("unlink"), 0); /* modifies the C struct out from under the object */
      |                        ^~~~~~~~~~~~~~~~~~~
/Users/ootashougo/.rbenv/versions/2.7.3/include/ruby-2.7.0/ruby/ruby.h:1847:23: note: expanded from macro 'rb_intern'
 1847 |         __extension__ (RUBY_CONST_ID_CACHE((ID), (str))) : \
      |                       ^
/Users/ootashougo/.rbenv/versions/2.7.3/include/ruby-2.7.0/ruby/ruby.h:2689:27: note: expanded from macro 'rb_funcall'
 2689 |         rb_funcallv(recv, mid, \
      |                           ^~~
xml_node_set.c:440:24: note: '{' token is here
  440 |       rb_funcall(node, rb_intern("unlink"), 0); /* modifies the C struct out from under the object */
      |                        ^~~~~~~~~~~~~~~~~~~
/Users/ootashougo/.rbenv/versions/2.7.3/include/ruby-2.7.0/ruby/ruby.h:1847:24: note: expanded from macro 'rb_intern'
 1847 |         __extension__ (RUBY_CONST_ID_CACHE((ID), (str))) : \
      |                        ^~~~~~~~~~~~~~~~~~~~~~~~~~~~~~~~
/Users/ootashougo/.rbenv/versions/2.7.3/include/ruby-2.7.0/ruby/ruby.h:1832:5: note: expanded from macro 'RUBY_CONST_ID_CACHE'
 1832 |     {                                                   \
      |     ^
/Users/ootashougo/.rbenv/versions/2.7.3/include/ruby-2.7.0/ruby/ruby.h:2689:27: note: expanded from macro 'rb_funcall'
 2689 |         rb_funcallv(recv, mid, \
      |                           ^~~
xml_node_set.c:440:24: warning: '}' and ')' tokens terminating statement expression appear in different macro expansion contexts [-Wcompound-token-split-by-macro]
  440 |       rb_funcall(node, rb_intern("unlink"), 0); /* modifies the C struct out from under the object */
      |                        ^~~~~~~~~~~~~~~~~~~
/Users/ootashougo/.rbenv/versions/2.7.3/include/ruby-2.7.0/ruby/ruby.h:1847:24: note: expanded from macro 'rb_intern'
 1847 |         __extension__ (RUBY_CONST_ID_CACHE((ID), (str))) : \
      |                        ^~~~~~~~~~~~~~~~~~~~~~~~~~~~~~~~
/Users/ootashougo/.rbenv/versions/2.7.3/include/ruby-2.7.0/ruby/ruby.h:1837:5: note: expanded from macro 'RUBY_CONST_ID_CACHE'
 1837 |     }
      |     ^
/Users/ootashougo/.rbenv/versions/2.7.3/include/ruby-2.7.0/ruby/ruby.h:2689:27: note: expanded from macro 'rb_funcall'
 2689 |         rb_funcallv(recv, mid, \
      |                           ^~~
xml_node_set.c:440:24: note: ')' token is here
  440 |       rb_funcall(node, rb_intern("unlink"), 0); /* modifies the C struct out from under the object */
      |                        ^~~~~~~~~~~~~~~~~~~
/Users/ootashougo/.rbenv/versions/2.7.3/include/ruby-2.7.0/ruby/ruby.h:1847:56: note: expanded from macro 'rb_intern'
 1847 |         __extension__ (RUBY_CONST_ID_CACHE((ID), (str))) : \
      |                                                        ^
/Users/ootashougo/.rbenv/versions/2.7.3/include/ruby-2.7.0/ruby/ruby.h:2689:27: note: expanded from macro 'rb_funcall'
 2689 |         rb_funcallv(recv, mid, \
      |                           ^~~
xml_node_set.c:515:14: warning: '(' and '{' tokens introducing statement expression appear in different macro expansion contexts [-Wcompound-token-split-by-macro]
  515 |   decorate = rb_intern("decorate");
      |              ^~~~~~~~~~~~~~~~~~~~~
/Users/ootashougo/.rbenv/versions/2.7.3/include/ruby-2.7.0/ruby/ruby.h:1847:23: note: expanded from macro 'rb_intern'
 1847 |         __extension__ (RUBY_CONST_ID_CACHE((ID), (str))) : \
      |                       ^
xml_node_set.c:515:14: note: '{' token is here
  515 |   decorate = rb_intern("decorate");
      |              ^~~~~~~~~~~~~~~~~~~~~
/Users/ootashougo/.rbenv/versions/2.7.3/include/ruby-2.7.0/ruby/ruby.h:1847:24: note: expanded from macro 'rb_intern'
 1847 |         __extension__ (RUBY_CONST_ID_CACHE((ID), (str))) : \
      |                        ^~~~~~~~~~~~~~~~~~~~~~~~~~~~~~~~
/Users/ootashougo/.rbenv/versions/2.7.3/include/ruby-2.7.0/ruby/ruby.h:1832:5: note: expanded from macro 'RUBY_CONST_ID_CACHE'
 1832 |     {                                                   \
      |     ^
xml_node_set.c:515:14: warning: '}' and ')' tokens terminating statement expression appear in different macro expansion contexts [-Wcompound-token-split-by-macro]
  515 |   decorate = rb_intern("decorate");
      |              ^~~~~~~~~~~~~~~~~~~~~
/Users/ootashougo/.rbenv/versions/2.7.3/include/ruby-2.7.0/ruby/ruby.h:1847:24: note: expanded from macro 'rb_intern'
 1847 |         __extension__ (RUBY_CONST_ID_CACHE((ID), (str))) : \
      |                        ^~~~~~~~~~~~~~~~~~~~~~~~~~~~~~~~
/Users/ootashougo/.rbenv/versions/2.7.3/include/ruby-2.7.0/ruby/ruby.h:1837:5: note: expanded from macro 'RUBY_CONST_ID_CACHE'
 1837 |     }
      |     ^
xml_node_set.c:515:14: note: ')' token is here
  515 |   decorate = rb_intern("decorate");
      |              ^~~~~~~~~~~~~~~~~~~~~
/Users/ootashougo/.rbenv/versions/2.7.3/include/ruby-2.7.0/ruby/ruby.h:1847:56: note: expanded from macro 'rb_intern'
 1847 |         __extension__ (RUBY_CONST_ID_CACHE((ID), (str))) : \
      |                                                        ^
4 warnings generated.
compiling xml_processing_instruction.c
compiling xml_reader.c
xml_reader.c:149:37: warning: '(' and '{' tokens introducing statement expression appear in different macro expansion contexts [-Wcompound-token-split-by-macro]
  149 |   rb_errors = rb_funcall(rb_reader, rb_intern("errors"), 0);
      |                                     ^~~~~~~~~~~~~~~~~~~
/Users/ootashougo/.rbenv/versions/2.7.3/include/ruby-2.7.0/ruby/ruby.h:1847:23: note: expanded from macro 'rb_intern'
 1847 |         __extension__ (RUBY_CONST_ID_CACHE((ID), (str))) : \
      |                       ^
/Users/ootashougo/.rbenv/versions/2.7.3/include/ruby-2.7.0/ruby/ruby.h:2689:27: note: expanded from macro 'rb_funcall'
 2689 |         rb_funcallv(recv, mid, \
      |                           ^~~
xml_reader.c:149:37: note: '{' token is here
  149 |   rb_errors = rb_funcall(rb_reader, rb_intern("errors"), 0);
      |                                     ^~~~~~~~~~~~~~~~~~~
/Users/ootashougo/.rbenv/versions/2.7.3/include/ruby-2.7.0/ruby/ruby.h:1847:24: note: expanded from macro 'rb_intern'
 1847 |         __extension__ (RUBY_CONST_ID_CACHE((ID), (str))) : \
      |                        ^~~~~~~~~~~~~~~~~~~~~~~~~~~~~~~~
/Users/ootashougo/.rbenv/versions/2.7.3/include/ruby-2.7.0/ruby/ruby.h:1832:5: note: expanded from macro 'RUBY_CONST_ID_CACHE'
 1832 |     {                                                   \
      |     ^
/Users/ootashougo/.rbenv/versions/2.7.3/include/ruby-2.7.0/ruby/ruby.h:2689:27: note: expanded from macro 'rb_funcall'
 2689 |         rb_funcallv(recv, mid, \
      |                           ^~~
xml_reader.c:149:37: warning: '}' and ')' tokens terminating statement expression appear in different macro expansion contexts [-Wcompound-token-split-by-macro]
  149 |   rb_errors = rb_funcall(rb_reader, rb_intern("errors"), 0);
      |                                     ^~~~~~~~~~~~~~~~~~~
/Users/ootashougo/.rbenv/versions/2.7.3/include/ruby-2.7.0/ruby/ruby.h:1847:24: note: expanded from macro 'rb_intern'
 1847 |         __extension__ (RUBY_CONST_ID_CACHE((ID), (str))) : \
      |                        ^~~~~~~~~~~~~~~~~~~~~~~~~~~~~~~~
/Users/ootashougo/.rbenv/versions/2.7.3/include/ruby-2.7.0/ruby/ruby.h:1837:5: note: expanded from macro 'RUBY_CONST_ID_CACHE'
 1837 |     }
      |     ^
/Users/ootashougo/.rbenv/versions/2.7.3/include/ruby-2.7.0/ruby/ruby.h:2689:27: note: expanded from macro 'rb_funcall'
 2689 |         rb_funcallv(recv, mid, \
      |                           ^~~
xml_reader.c:149:37: note: ')' token is here
  149 |   rb_errors = rb_funcall(rb_reader, rb_intern("errors"), 0);
      |                                     ^~~~~~~~~~~~~~~~~~~
/Users/ootashougo/.rbenv/versions/2.7.3/include/ruby-2.7.0/ruby/ruby.h:1847:56: note: expanded from macro 'rb_intern'
 1847 |         __extension__ (RUBY_CONST_ID_CACHE((ID), (str))) : \
      |                                                        ^
/Users/ootashougo/.rbenv/versions/2.7.3/include/ruby-2.7.0/ruby/ruby.h:2689:27: note: expanded from macro 'rb_funcall'
 2689 |         rb_funcallv(recv, mid, \
      |                           ^~~
xml_reader.c:158:54: warning: '(' and '{' tokens introducing statement expression appear in different macro expansion contexts [-Wcompound-token-split-by-macro]
  158 |       VALUE exception_message = rb_funcall(rb_error, rb_intern("to_s"), 0);
      |                                                      ^~~~~~~~~~~~~~~~~
/Users/ootashougo/.rbenv/versions/2.7.3/include/ruby-2.7.0/ruby/ruby.h:1847:23: note: expanded from macro 'rb_intern'
 1847 |         __extension__ (RUBY_CONST_ID_CACHE((ID), (str))) : \
      |                       ^
/Users/ootashougo/.rbenv/versions/2.7.3/include/ruby-2.7.0/ruby/ruby.h:2689:27: note: expanded from macro 'rb_funcall'
 2689 |         rb_funcallv(recv, mid, \
      |                           ^~~
xml_reader.c:158:54: note: '{' token is here
  158 |       VALUE exception_message = rb_funcall(rb_error, rb_intern("to_s"), 0);
      |                                                      ^~~~~~~~~~~~~~~~~
/Users/ootashougo/.rbenv/versions/2.7.3/include/ruby-2.7.0/ruby/ruby.h:1847:24: note: expanded from macro 'rb_intern'
 1847 |         __extension__ (RUBY_CONST_ID_CACHE((ID), (str))) : \
      |                        ^~~~~~~~~~~~~~~~~~~~~~~~~~~~~~~~
/Users/ootashougo/.rbenv/versions/2.7.3/include/ruby-2.7.0/ruby/ruby.h:1832:5: note: expanded from macro 'RUBY_CONST_ID_CACHE'
 1832 |     {                                                   \
      |     ^
/Users/ootashougo/.rbenv/versions/2.7.3/include/ruby-2.7.0/ruby/ruby.h:2689:27: note: expanded from macro 'rb_funcall'
 2689 |         rb_funcallv(recv, mid, \
      |                           ^~~
xml_reader.c:158:54: warning: '}' and ')' tokens terminating statement expression appear in different macro expansion contexts [-Wcompound-token-split-by-macro]
  158 |       VALUE exception_message = rb_funcall(rb_error, rb_intern("to_s"), 0);
      |                                                      ^~~~~~~~~~~~~~~~~
/Users/ootashougo/.rbenv/versions/2.7.3/include/ruby-2.7.0/ruby/ruby.h:1847:24: note: expanded from macro 'rb_intern'
 1847 |         __extension__ (RUBY_CONST_ID_CACHE((ID), (str))) : \
      |                        ^~~~~~~~~~~~~~~~~~~~~~~~~~~~~~~~
/Users/ootashougo/.rbenv/versions/2.7.3/include/ruby-2.7.0/ruby/ruby.h:1837:5: note: expanded from macro 'RUBY_CONST_ID_CACHE'
 1837 |     }
      |     ^
/Users/ootashougo/.rbenv/versions/2.7.3/include/ruby-2.7.0/ruby/ruby.h:2689:27: note: expanded from macro 'rb_funcall'
 2689 |         rb_funcallv(recv, mid, \
      |                           ^~~
xml_reader.c:158:54: note: ')' token is here
  158 |       VALUE exception_message = rb_funcall(rb_error, rb_intern("to_s"), 0);
      |                                                      ^~~~~~~~~~~~~~~~~
/Users/ootashougo/.rbenv/versions/2.7.3/include/ruby-2.7.0/ruby/ruby.h:1847:56: note: expanded from macro 'rb_intern'
 1847 |         __extension__ (RUBY_CONST_ID_CACHE((ID), (str))) : \
      |                                                        ^
/Users/ootashougo/.rbenv/versions/2.7.3/include/ruby-2.7.0/ruby/ruby.h:2689:27: note: expanded from macro 'rb_funcall'
 2689 |         rb_funcallv(recv, mid, \
      |                           ^~~
xml_reader.c:233:37: warning: '(' and '{' tokens introducing statement expression appear in different macro expansion contexts [-Wcompound-token-split-by-macro]
  233 |   rb_errors = rb_funcall(rb_reader, rb_intern("errors"), 0);
      |                                     ^~~~~~~~~~~~~~~~~~~
/Users/ootashougo/.rbenv/versions/2.7.3/include/ruby-2.7.0/ruby/ruby.h:1847:23: note: expanded from macro 'rb_intern'
 1847 |         __extension__ (RUBY_CONST_ID_CACHE((ID), (str))) : \
      |                       ^
/Users/ootashougo/.rbenv/versions/2.7.3/include/ruby-2.7.0/ruby/ruby.h:2689:27: note: expanded from macro 'rb_funcall'
 2689 |         rb_funcallv(recv, mid, \
      |                           ^~~
xml_reader.c:233:37: note: '{' token is here
  233 |   rb_errors = rb_funcall(rb_reader, rb_intern("errors"), 0);
      |                                     ^~~~~~~~~~~~~~~~~~~
/Users/ootashougo/.rbenv/versions/2.7.3/include/ruby-2.7.0/ruby/ruby.h:1847:24: note: expanded from macro 'rb_intern'
 1847 |         __extension__ (RUBY_CONST_ID_CACHE((ID), (str))) : \
      |                        ^~~~~~~~~~~~~~~~~~~~~~~~~~~~~~~~
/Users/ootashougo/.rbenv/versions/2.7.3/include/ruby-2.7.0/ruby/ruby.h:1832:5: note: expanded from macro 'RUBY_CONST_ID_CACHE'
 1832 |     {                                                   \
      |     ^
/Users/ootashougo/.rbenv/versions/2.7.3/include/ruby-2.7.0/ruby/ruby.h:2689:27: note: expanded from macro 'rb_funcall'
 2689 |         rb_funcallv(recv, mid, \
      |                           ^~~
xml_reader.c:233:37: warning: '}' and ')' tokens terminating statement expression appear in different macro expansion contexts [-Wcompound-token-split-by-macro]
  233 |   rb_errors = rb_funcall(rb_reader, rb_intern("errors"), 0);
      |                                     ^~~~~~~~~~~~~~~~~~~
/Users/ootashougo/.rbenv/versions/2.7.3/include/ruby-2.7.0/ruby/ruby.h:1847:24: note: expanded from macro 'rb_intern'
 1847 |         __extension__ (RUBY_CONST_ID_CACHE((ID), (str))) : \
      |                        ^~~~~~~~~~~~~~~~~~~~~~~~~~~~~~~~
/Users/ootashougo/.rbenv/versions/2.7.3/include/ruby-2.7.0/ruby/ruby.h:1837:5: note: expanded from macro 'RUBY_CONST_ID_CACHE'
 1837 |     }
      |     ^
/Users/ootashougo/.rbenv/versions/2.7.3/include/ruby-2.7.0/ruby/ruby.h:2689:27: note: expanded from macro 'rb_funcall'
 2689 |         rb_funcallv(recv, mid, \
      |                           ^~~
xml_reader.c:233:37: note: ')' token is here
  233 |   rb_errors = rb_funcall(rb_reader, rb_intern("errors"), 0);
      |                                     ^~~~~~~~~~~~~~~~~~~
/Users/ootashougo/.rbenv/versions/2.7.3/include/ruby-2.7.0/ruby/ruby.h:1847:56: note: expanded from macro 'rb_intern'
 1847 |         __extension__ (RUBY_CONST_ID_CACHE((ID), (str))) : \
      |                                                        ^
/Users/ootashougo/.rbenv/versions/2.7.3/include/ruby-2.7.0/ruby/ruby.h:2689:27: note: expanded from macro 'rb_funcall'
 2689 |         rb_funcallv(recv, mid, \
      |                           ^~~
xml_reader.c:242:54: warning: '(' and '{' tokens introducing statement expression appear in different macro expansion contexts [-Wcompound-token-split-by-macro]
  242 |       VALUE exception_message = rb_funcall(rb_error, rb_intern("to_s"), 0);
      |                                                      ^~~~~~~~~~~~~~~~~
/Users/ootashougo/.rbenv/versions/2.7.3/include/ruby-2.7.0/ruby/ruby.h:1847:23: note: expanded from macro 'rb_intern'
 1847 |         __extension__ (RUBY_CONST_ID_CACHE((ID), (str))) : \
      |                       ^
/Users/ootashougo/.rbenv/versions/2.7.3/include/ruby-2.7.0/ruby/ruby.h:2689:27: note: expanded from macro 'rb_funcall'
 2689 |         rb_funcallv(recv, mid, \
      |                           ^~~
xml_reader.c:242:54: note: '{' token is here
  242 |       VALUE exception_message = rb_funcall(rb_error, rb_intern("to_s"), 0);
      |                                                      ^~~~~~~~~~~~~~~~~
/Users/ootashougo/.rbenv/versions/2.7.3/include/ruby-2.7.0/ruby/ruby.h:1847:24: note: expanded from macro 'rb_intern'
 1847 |         __extension__ (RUBY_CONST_ID_CACHE((ID), (str))) : \
      |                        ^~~~~~~~~~~~~~~~~~~~~~~~~~~~~~~~
/Users/ootashougo/.rbenv/versions/2.7.3/include/ruby-2.7.0/ruby/ruby.h:1832:5: note: expanded from macro 'RUBY_CONST_ID_CACHE'
 1832 |     {                                                   \
      |     ^
/Users/ootashougo/.rbenv/versions/2.7.3/include/ruby-2.7.0/ruby/ruby.h:2689:27: note: expanded from macro 'rb_funcall'
 2689 |         rb_funcallv(recv, mid, \
      |                           ^~~
xml_reader.c:242:54: warning: '}' and ')' tokens terminating statement expression appear in different macro expansion contexts [-Wcompound-token-split-by-macro]
  242 |       VALUE exception_message = rb_funcall(rb_error, rb_intern("to_s"), 0);
      |                                                      ^~~~~~~~~~~~~~~~~
/Users/ootashougo/.rbenv/versions/2.7.3/include/ruby-2.7.0/ruby/ruby.h:1847:24: note: expanded from macro 'rb_intern'
 1847 |         __extension__ (RUBY_CONST_ID_CACHE((ID), (str))) : \
      |                        ^~~~~~~~~~~~~~~~~~~~~~~~~~~~~~~~
/Users/ootashougo/.rbenv/versions/2.7.3/include/ruby-2.7.0/ruby/ruby.h:1837:5: note: expanded from macro 'RUBY_CONST_ID_CACHE'
 1837 |     }
      |     ^
/Users/ootashougo/.rbenv/versions/2.7.3/include/ruby-2.7.0/ruby/ruby.h:2689:27: note: expanded from macro 'rb_funcall'
 2689 |         rb_funcallv(recv, mid, \
      |                           ^~~
xml_reader.c:242:54: note: ')' token is here
  242 |       VALUE exception_message = rb_funcall(rb_error, rb_intern("to_s"), 0);
      |                                                      ^~~~~~~~~~~~~~~~~
/Users/ootashougo/.rbenv/versions/2.7.3/include/ruby-2.7.0/ruby/ruby.h:1847:56: note: expanded from macro 'rb_intern'
 1847 |         __extension__ (RUBY_CONST_ID_CACHE((ID), (str))) : \
      |                                                        ^
/Users/ootashougo/.rbenv/versions/2.7.3/include/ruby-2.7.0/ruby/ruby.h:2689:27: note: expanded from macro 'rb_funcall'
 2689 |         rb_funcallv(recv, mid, \
      |                           ^~~
xml_reader.c:563:33: warning: '(' and '{' tokens introducing statement expression appear in different macro expansion contexts [-Wcompound-token-split-by-macro]
  563 |   error_list = rb_funcall(self, rb_intern("errors"), 0);
      |                                 ^~~~~~~~~~~~~~~~~~~
/Users/ootashougo/.rbenv/versions/2.7.3/include/ruby-2.7.0/ruby/ruby.h:1847:23: note: expanded from macro 'rb_intern'
 1847 |         __extension__ (RUBY_CONST_ID_CACHE((ID), (str))) : \
      |                       ^
/Users/ootashougo/.rbenv/versions/2.7.3/include/ruby-2.7.0/ruby/ruby.h:2689:27: note: expanded from macro 'rb_funcall'
 2689 |         rb_funcallv(recv, mid, \
      |                           ^~~
xml_reader.c:563:33: note: '{' token is here
  563 |   error_list = rb_funcall(self, rb_intern("errors"), 0);
      |                                 ^~~~~~~~~~~~~~~~~~~
/Users/ootashougo/.rbenv/versions/2.7.3/include/ruby-2.7.0/ruby/ruby.h:1847:24: note: expanded from macro 'rb_intern'
 1847 |         __extension__ (RUBY_CONST_ID_CACHE((ID), (str))) : \
      |                        ^~~~~~~~~~~~~~~~~~~~~~~~~~~~~~~~
/Users/ootashougo/.rbenv/versions/2.7.3/include/ruby-2.7.0/ruby/ruby.h:1832:5: note: expanded from macro 'RUBY_CONST_ID_CACHE'
 1832 |     {                                                   \
      |     ^
/Users/ootashougo/.rbenv/versions/2.7.3/include/ruby-2.7.0/ruby/ruby.h:2689:27: note: expanded from macro 'rb_funcall'
 2689 |         rb_funcallv(recv, mid, \
      |                           ^~~
xml_reader.c:563:33: warning: '}' and ')' tokens terminating statement expression appear in different macro expansion contexts [-Wcompound-token-split-by-macro]
  563 |   error_list = rb_funcall(self, rb_intern("errors"), 0);
      |                                 ^~~~~~~~~~~~~~~~~~~
/Users/ootashougo/.rbenv/versions/2.7.3/include/ruby-2.7.0/ruby/ruby.h:1847:24: note: expanded from macro 'rb_intern'
 1847 |         __extension__ (RUBY_CONST_ID_CACHE((ID), (str))) : \
      |                        ^~~~~~~~~~~~~~~~~~~~~~~~~~~~~~~~
/Users/ootashougo/.rbenv/versions/2.7.3/include/ruby-2.7.0/ruby/ruby.h:1837:5: note: expanded from macro 'RUBY_CONST_ID_CACHE'
 1837 |     }
      |     ^
/Users/ootashougo/.rbenv/versions/2.7.3/include/ruby-2.7.0/ruby/ruby.h:2689:27: note: expanded from macro 'rb_funcall'
 2689 |         rb_funcallv(recv, mid, \
      |                           ^~~
xml_reader.c:563:33: note: ')' token is here
  563 |   error_list = rb_funcall(self, rb_intern("errors"), 0);
      |                                 ^~~~~~~~~~~~~~~~~~~
/Users/ootashougo/.rbenv/versions/2.7.3/include/ruby-2.7.0/ruby/ruby.h:1847:56: note: expanded from macro 'rb_intern'
 1847 |         __extension__ (RUBY_CONST_ID_CACHE((ID), (str))) : \
      |                                                        ^
/Users/ootashougo/.rbenv/versions/2.7.3/include/ruby-2.7.0/ruby/ruby.h:2689:27: note: expanded from macro 'rb_funcall'
 2689 |         rb_funcallv(recv, mid, \
      |                           ^~~
10 warnings generated.
compiling xml_relax_ng.c
xml_relax_ng.c:74:56: warning: '(' and '{' tokens introducing statement expression appear in different macro expansion contexts [-Wcompound-token-split-by-macro]
   74 |                          rb_const_get_at(mNokogiriXml, rb_intern("ParseOptions")),
      |                                                        ^~~~~~~~~~~~~~~~~~~~~~~~~
/Users/ootashougo/.rbenv/versions/2.7.3/include/ruby-2.7.0/ruby/ruby.h:1847:23: note: expanded from macro 'rb_intern'
 1847 |         __extension__ (RUBY_CONST_ID_CACHE((ID), (str))) : \
      |                       ^
xml_relax_ng.c:74:56: note: '{' token is here
   74 |                          rb_const_get_at(mNokogiriXml, rb_intern("ParseOptions")),
      |                                                        ^~~~~~~~~~~~~~~~~~~~~~~~~
/Users/ootashougo/.rbenv/versions/2.7.3/include/ruby-2.7.0/ruby/ruby.h:1847:24: note: expanded from macro 'rb_intern'
 1847 |         __extension__ (RUBY_CONST_ID_CACHE((ID), (str))) : \
      |                        ^~~~~~~~~~~~~~~~~~~~~~~~~~~~~~~~
/Users/ootashougo/.rbenv/versions/2.7.3/include/ruby-2.7.0/ruby/ruby.h:1832:5: note: expanded from macro 'RUBY_CONST_ID_CACHE'
 1832 |     {                                                   \
      |     ^
xml_relax_ng.c:74:56: warning: '}' and ')' tokens terminating statement expression appear in different macro expansion contexts [-Wcompound-token-split-by-macro]
   74 |                          rb_const_get_at(mNokogiriXml, rb_intern("ParseOptions")),
      |                                                        ^~~~~~~~~~~~~~~~~~~~~~~~~
/Users/ootashougo/.rbenv/versions/2.7.3/include/ruby-2.7.0/ruby/ruby.h:1847:24: note: expanded from macro 'rb_intern'
 1847 |         __extension__ (RUBY_CONST_ID_CACHE((ID), (str))) : \
      |                        ^~~~~~~~~~~~~~~~~~~~~~~~~~~~~~~~
/Users/ootashougo/.rbenv/versions/2.7.3/include/ruby-2.7.0/ruby/ruby.h:1837:5: note: expanded from macro 'RUBY_CONST_ID_CACHE'
 1837 |     }
      |     ^
xml_relax_ng.c:74:56: note: ')' token is here
   74 |                          rb_const_get_at(mNokogiriXml, rb_intern("ParseOptions")),
      |                                                        ^~~~~~~~~~~~~~~~~~~~~~~~~
/Users/ootashougo/.rbenv/versions/2.7.3/include/ruby-2.7.0/ruby/ruby.h:1847:56: note: expanded from macro 'rb_intern'
 1847 |         __extension__ (RUBY_CONST_ID_CACHE((ID), (str))) : \
      |                                                        ^
xml_relax_ng.c:75:26: warning: '(' and '{' tokens introducing statement expression appear in different macro expansion contexts [-Wcompound-token-split-by-macro]
   75 |                          rb_intern("DEFAULT_SCHEMA")
      |                          ^~~~~~~~~~~~~~~~~~~~~~~~~~~
/Users/ootashougo/.rbenv/versions/2.7.3/include/ruby-2.7.0/ruby/ruby.h:1847:23: note: expanded from macro 'rb_intern'
 1847 |         __extension__ (RUBY_CONST_ID_CACHE((ID), (str))) : \
      |                       ^
xml_relax_ng.c:75:26: note: '{' token is here
   75 |                          rb_intern("DEFAULT_SCHEMA")
      |                          ^~~~~~~~~~~~~~~~~~~~~~~~~~~
/Users/ootashougo/.rbenv/versions/2.7.3/include/ruby-2.7.0/ruby/ruby.h:1847:24: note: expanded from macro 'rb_intern'
 1847 |         __extension__ (RUBY_CONST_ID_CACHE((ID), (str))) : \
      |                        ^~~~~~~~~~~~~~~~~~~~~~~~~~~~~~~~
/Users/ootashougo/.rbenv/versions/2.7.3/include/ruby-2.7.0/ruby/ruby.h:1832:5: note: expanded from macro 'RUBY_CONST_ID_CACHE'
 1832 |     {                                                   \
      |     ^
xml_relax_ng.c:75:26: warning: '}' and ')' tokens terminating statement expression appear in different macro expansion contexts [-Wcompound-token-split-by-macro]
   75 |                          rb_intern("DEFAULT_SCHEMA")
      |                          ^~~~~~~~~~~~~~~~~~~~~~~~~~~
/Users/ootashougo/.rbenv/versions/2.7.3/include/ruby-2.7.0/ruby/ruby.h:1847:24: note: expanded from macro 'rb_intern'
 1847 |         __extension__ (RUBY_CONST_ID_CACHE((ID), (str))) : \
      |                        ^~~~~~~~~~~~~~~~~~~~~~~~~~~~~~~~
/Users/ootashougo/.rbenv/versions/2.7.3/include/ruby-2.7.0/ruby/ruby.h:1837:5: note: expanded from macro 'RUBY_CONST_ID_CACHE'
 1837 |     }
      |     ^
xml_relax_ng.c:75:26: note: ')' token is here
   75 |                          rb_intern("DEFAULT_SCHEMA")
      |                          ^~~~~~~~~~~~~~~~~~~~~~~~~~~
/Users/ootashougo/.rbenv/versions/2.7.3/include/ruby-2.7.0/ruby/ruby.h:1847:56: note: expanded from macro 'rb_intern'
 1847 |         __extension__ (RUBY_CONST_ID_CACHE((ID), (str))) : \
      |                                                        ^
4 warnings generated.
compiling xml_sax_parser.c
xml_sax_parser.c:95:75: warning: '(' and '{' tokens introducing statement expression appear in different macro expansion contexts [-Wcompound-token-split-by-macro]
   95 |   cNokogiriXmlSaxParserAttribute = rb_const_get_at(cNokogiriXmlSaxParser, rb_intern("Attribute"));
      |                                                                           ^~~~~~~~~~~~~~~~~~~~~~
/Users/ootashougo/.rbenv/versions/2.7.3/include/ruby-2.7.0/ruby/ruby.h:1847:23: note: expanded from macro 'rb_intern'
 1847 |         __extension__ (RUBY_CONST_ID_CACHE((ID), (str))) : \
      |                       ^
xml_sax_parser.c:95:75: note: '{' token is here
   95 |   cNokogiriXmlSaxParserAttribute = rb_const_get_at(cNokogiriXmlSaxParser, rb_intern("Attribute"));
      |                                                                           ^~~~~~~~~~~~~~~~~~~~~~
/Users/ootashougo/.rbenv/versions/2.7.3/include/ruby-2.7.0/ruby/ruby.h:1847:24: note: expanded from macro 'rb_intern'
 1847 |         __extension__ (RUBY_CONST_ID_CACHE((ID), (str))) : \
      |                        ^~~~~~~~~~~~~~~~~~~~~~~~~~~~~~~~
/Users/ootashougo/.rbenv/versions/2.7.3/include/ruby-2.7.0/ruby/ruby.h:1832:5: note: expanded from macro 'RUBY_CONST_ID_CACHE'
 1832 |     {                                                   \
      |     ^
xml_sax_parser.c:95:75: warning: '}' and ')' tokens terminating statement expression appear in different macro expansion contexts [-Wcompound-token-split-by-macro]
   95 |   cNokogiriXmlSaxParserAttribute = rb_const_get_at(cNokogiriXmlSaxParser, rb_intern("Attribute"));
      |                                                                           ^~~~~~~~~~~~~~~~~~~~~~
/Users/ootashougo/.rbenv/versions/2.7.3/include/ruby-2.7.0/ruby/ruby.h:1847:24: note: expanded from macro 'rb_intern'
 1847 |         __extension__ (RUBY_CONST_ID_CACHE((ID), (str))) : \
      |                        ^~~~~~~~~~~~~~~~~~~~~~~~~~~~~~~~
/Users/ootashougo/.rbenv/versions/2.7.3/include/ruby-2.7.0/ruby/ruby.h:1837:5: note: expanded from macro 'RUBY_CONST_ID_CACHE'
 1837 |     }
      |     ^
xml_sax_parser.c:95:75: note: ')' token is here
   95 |   cNokogiriXmlSaxParserAttribute = rb_const_get_at(cNokogiriXmlSaxParser, rb_intern("Attribute"));
      |                                                                           ^~~~~~~~~~~~~~~~~~~~~~
/Users/ootashougo/.rbenv/versions/2.7.3/include/ruby-2.7.0/ruby/ruby.h:1847:56: note: expanded from macro 'rb_intern'
 1847 |         __extension__ (RUBY_CONST_ID_CACHE((ID), (str))) : \
      |                                                        ^
xml_sax_parser.c:322:23: warning: '(' and '{' tokens introducing statement expression appear in different macro expansion contexts [-Wcompound-token-split-by-macro]
  322 |   id_start_document = rb_intern("start_document");
      |                       ^~~~~~~~~~~~~~~~~~~~~~~~~~~
/Users/ootashougo/.rbenv/versions/2.7.3/include/ruby-2.7.0/ruby/ruby.h:1847:23: note: expanded from macro 'rb_intern'
 1847 |         __extension__ (RUBY_CONST_ID_CACHE((ID), (str))) : \
      |                       ^
xml_sax_parser.c:322:23: note: '{' token is here
  322 |   id_start_document = rb_intern("start_document");
      |                       ^~~~~~~~~~~~~~~~~~~~~~~~~~~
/Users/ootashougo/.rbenv/versions/2.7.3/include/ruby-2.7.0/ruby/ruby.h:1847:24: note: expanded from macro 'rb_intern'
 1847 |         __extension__ (RUBY_CONST_ID_CACHE((ID), (str))) : \
      |                        ^~~~~~~~~~~~~~~~~~~~~~~~~~~~~~~~
/Users/ootashougo/.rbenv/versions/2.7.3/include/ruby-2.7.0/ruby/ruby.h:1832:5: note: expanded from macro 'RUBY_CONST_ID_CACHE'
 1832 |     {                                                   \
      |     ^
xml_sax_parser.c:322:23: warning: '}' and ')' tokens terminating statement expression appear in different macro expansion contexts [-Wcompound-token-split-by-macro]
  322 |   id_start_document = rb_intern("start_document");
      |                       ^~~~~~~~~~~~~~~~~~~~~~~~~~~
/Users/ootashougo/.rbenv/versions/2.7.3/include/ruby-2.7.0/ruby/ruby.h:1847:24: note: expanded from macro 'rb_intern'
 1847 |         __extension__ (RUBY_CONST_ID_CACHE((ID), (str))) : \
      |                        ^~~~~~~~~~~~~~~~~~~~~~~~~~~~~~~~
/Users/ootashougo/.rbenv/versions/2.7.3/include/ruby-2.7.0/ruby/ruby.h:1837:5: note: expanded from macro 'RUBY_CONST_ID_CACHE'
 1837 |     }
      |     ^
xml_sax_parser.c:322:23: note: ')' token is here
  322 |   id_start_document = rb_intern("start_document");
      |                       ^~~~~~~~~~~~~~~~~~~~~~~~~~~
/Users/ootashougo/.rbenv/versions/2.7.3/include/ruby-2.7.0/ruby/ruby.h:1847:56: note: expanded from macro 'rb_intern'
 1847 |         __extension__ (RUBY_CONST_ID_CACHE((ID), (str))) : \
      |                                                        ^
xml_sax_parser.c:323:21: warning: '(' and '{' tokens introducing statement expression appear in different macro expansion contexts [-Wcompound-token-split-by-macro]
  323 |   id_end_document = rb_intern("end_document");
      |                     ^~~~~~~~~~~~~~~~~~~~~~~~~
/Users/ootashougo/.rbenv/versions/2.7.3/include/ruby-2.7.0/ruby/ruby.h:1847:23: note: expanded from macro 'rb_intern'
 1847 |         __extension__ (RUBY_CONST_ID_CACHE((ID), (str))) : \
      |                       ^
xml_sax_parser.c:323:21: note: '{' token is here
  323 |   id_end_document = rb_intern("end_document");
      |                     ^~~~~~~~~~~~~~~~~~~~~~~~~
/Users/ootashougo/.rbenv/versions/2.7.3/include/ruby-2.7.0/ruby/ruby.h:1847:24: note: expanded from macro 'rb_intern'
 1847 |         __extension__ (RUBY_CONST_ID_CACHE((ID), (str))) : \
      |                        ^~~~~~~~~~~~~~~~~~~~~~~~~~~~~~~~
/Users/ootashougo/.rbenv/versions/2.7.3/include/ruby-2.7.0/ruby/ruby.h:1832:5: note: expanded from macro 'RUBY_CONST_ID_CACHE'
 1832 |     {                                                   \
      |     ^
xml_sax_parser.c:323:21: warning: '}' and ')' tokens terminating statement expression appear in different macro expansion contexts [-Wcompound-token-split-by-macro]
  323 |   id_end_document = rb_intern("end_document");
      |                     ^~~~~~~~~~~~~~~~~~~~~~~~~
/Users/ootashougo/.rbenv/versions/2.7.3/include/ruby-2.7.0/ruby/ruby.h:1847:24: note: expanded from macro 'rb_intern'
 1847 |         __extension__ (RUBY_CONST_ID_CACHE((ID), (str))) : \
      |                        ^~~~~~~~~~~~~~~~~~~~~~~~~~~~~~~~
/Users/ootashougo/.rbenv/versions/2.7.3/include/ruby-2.7.0/ruby/ruby.h:1837:5: note: expanded from macro 'RUBY_CONST_ID_CACHE'
 1837 |     }
      |     ^
xml_sax_parser.c:323:21: note: ')' token is here
  323 |   id_end_document = rb_intern("end_document");
      |                     ^~~~~~~~~~~~~~~~~~~~~~~~~
/Users/ootashougo/.rbenv/versions/2.7.3/include/ruby-2.7.0/ruby/ruby.h:1847:56: note: expanded from macro 'rb_intern'
 1847 |         __extension__ (RUBY_CONST_ID_CACHE((ID), (str))) : \
      |                                                        ^
xml_sax_parser.c:324:22: warning: '(' and '{' tokens introducing statement expression appear in different macro expansion contexts [-Wcompound-token-split-by-macro]
  324 |   id_start_element = rb_intern("start_element");
      |                      ^~~~~~~~~~~~~~~~~~~~~~~~~~
/Users/ootashougo/.rbenv/versions/2.7.3/include/ruby-2.7.0/ruby/ruby.h:1847:23: note: expanded from macro 'rb_intern'
 1847 |         __extension__ (RUBY_CONST_ID_CACHE((ID), (str))) : \
      |                       ^
xml_sax_parser.c:324:22: note: '{' token is here
  324 |   id_start_element = rb_intern("start_element");
      |                      ^~~~~~~~~~~~~~~~~~~~~~~~~~
/Users/ootashougo/.rbenv/versions/2.7.3/include/ruby-2.7.0/ruby/ruby.h:1847:24: note: expanded from macro 'rb_intern'
 1847 |         __extension__ (RUBY_CONST_ID_CACHE((ID), (str))) : \
      |                        ^~~~~~~~~~~~~~~~~~~~~~~~~~~~~~~~
/Users/ootashougo/.rbenv/versions/2.7.3/include/ruby-2.7.0/ruby/ruby.h:1832:5: note: expanded from macro 'RUBY_CONST_ID_CACHE'
 1832 |     {                                                   \
      |     ^
xml_sax_parser.c:324:22: warning: '}' and ')' tokens terminating statement expression appear in different macro expansion contexts [-Wcompound-token-split-by-macro]
  324 |   id_start_element = rb_intern("start_element");
      |                      ^~~~~~~~~~~~~~~~~~~~~~~~~~
/Users/ootashougo/.rbenv/versions/2.7.3/include/ruby-2.7.0/ruby/ruby.h:1847:24: note: expanded from macro 'rb_intern'
 1847 |         __extension__ (RUBY_CONST_ID_CACHE((ID), (str))) : \
      |                        ^~~~~~~~~~~~~~~~~~~~~~~~~~~~~~~~
/Users/ootashougo/.rbenv/versions/2.7.3/include/ruby-2.7.0/ruby/ruby.h:1837:5: note: expanded from macro 'RUBY_CONST_ID_CACHE'
 1837 |     }
      |     ^
xml_sax_parser.c:324:22: note: ')' token is here
  324 |   id_start_element = rb_intern("start_element");
      |                      ^~~~~~~~~~~~~~~~~~~~~~~~~~
/Users/ootashougo/.rbenv/versions/2.7.3/include/ruby-2.7.0/ruby/ruby.h:1847:56: note: expanded from macro 'rb_intern'
 1847 |         __extension__ (RUBY_CONST_ID_CACHE((ID), (str))) : \
      |                                                        ^
xml_sax_parser.c:325:20: warning: '(' and '{' tokens introducing statement expression appear in different macro expansion contexts [-Wcompound-token-split-by-macro]
  325 |   id_end_element = rb_intern("end_element");
      |                    ^~~~~~~~~~~~~~~~~~~~~~~~
/Users/ootashougo/.rbenv/versions/2.7.3/include/ruby-2.7.0/ruby/ruby.h:1847:23: note: expanded from macro 'rb_intern'
 1847 |         __extension__ (RUBY_CONST_ID_CACHE((ID), (str))) : \
      |                       ^
xml_sax_parser.c:325:20: note: '{' token is here
  325 |   id_end_element = rb_intern("end_element");
      |                    ^~~~~~~~~~~~~~~~~~~~~~~~
/Users/ootashougo/.rbenv/versions/2.7.3/include/ruby-2.7.0/ruby/ruby.h:1847:24: note: expanded from macro 'rb_intern'
 1847 |         __extension__ (RUBY_CONST_ID_CACHE((ID), (str))) : \
      |                        ^~~~~~~~~~~~~~~~~~~~~~~~~~~~~~~~
/Users/ootashougo/.rbenv/versions/2.7.3/include/ruby-2.7.0/ruby/ruby.h:1832:5: note: expanded from macro 'RUBY_CONST_ID_CACHE'
 1832 |     {                                                   \
      |     ^
xml_sax_parser.c:325:20: warning: '}' and ')' tokens terminating statement expression appear in different macro expansion contexts [-Wcompound-token-split-by-macro]
  325 |   id_end_element = rb_intern("end_element");
      |                    ^~~~~~~~~~~~~~~~~~~~~~~~
/Users/ootashougo/.rbenv/versions/2.7.3/include/ruby-2.7.0/ruby/ruby.h:1847:24: note: expanded from macro 'rb_intern'
 1847 |         __extension__ (RUBY_CONST_ID_CACHE((ID), (str))) : \
      |                        ^~~~~~~~~~~~~~~~~~~~~~~~~~~~~~~~
/Users/ootashougo/.rbenv/versions/2.7.3/include/ruby-2.7.0/ruby/ruby.h:1837:5: note: expanded from macro 'RUBY_CONST_ID_CACHE'
 1837 |     }
      |     ^
xml_sax_parser.c:325:20: note: ')' token is here
  325 |   id_end_element = rb_intern("end_element");
      |                    ^~~~~~~~~~~~~~~~~~~~~~~~
/Users/ootashougo/.rbenv/versions/2.7.3/include/ruby-2.7.0/ruby/ruby.h:1847:56: note: expanded from macro 'rb_intern'
 1847 |         __extension__ (RUBY_CONST_ID_CACHE((ID), (str))) : \
      |                                                        ^
xml_sax_parser.c:326:16: warning: '(' and '{' tokens introducing statement expression appear in different macro expansion contexts [-Wcompound-token-split-by-macro]
  326 |   id_comment = rb_intern("comment");
      |                ^~~~~~~~~~~~~~~~~~~~
/Users/ootashougo/.rbenv/versions/2.7.3/include/ruby-2.7.0/ruby/ruby.h:1847:23: note: expanded from macro 'rb_intern'
 1847 |         __extension__ (RUBY_CONST_ID_CACHE((ID), (str))) : \
      |                       ^
xml_sax_parser.c:326:16: note: '{' token is here
  326 |   id_comment = rb_intern("comment");
      |                ^~~~~~~~~~~~~~~~~~~~
/Users/ootashougo/.rbenv/versions/2.7.3/include/ruby-2.7.0/ruby/ruby.h:1847:24: note: expanded from macro 'rb_intern'
 1847 |         __extension__ (RUBY_CONST_ID_CACHE((ID), (str))) : \
      |                        ^~~~~~~~~~~~~~~~~~~~~~~~~~~~~~~~
/Users/ootashougo/.rbenv/versions/2.7.3/include/ruby-2.7.0/ruby/ruby.h:1832:5: note: expanded from macro 'RUBY_CONST_ID_CACHE'
 1832 |     {                                                   \
      |     ^
xml_sax_parser.c:326:16: warning: '}' and ')' tokens terminating statement expression appear in different macro expansion contexts [-Wcompound-token-split-by-macro]
  326 |   id_comment = rb_intern("comment");
      |                ^~~~~~~~~~~~~~~~~~~~
/Users/ootashougo/.rbenv/versions/2.7.3/include/ruby-2.7.0/ruby/ruby.h:1847:24: note: expanded from macro 'rb_intern'
 1847 |         __extension__ (RUBY_CONST_ID_CACHE((ID), (str))) : \
      |                        ^~~~~~~~~~~~~~~~~~~~~~~~~~~~~~~~
/Users/ootashougo/.rbenv/versions/2.7.3/include/ruby-2.7.0/ruby/ruby.h:1837:5: note: expanded from macro 'RUBY_CONST_ID_CACHE'
 1837 |     }
      |     ^
xml_sax_parser.c:326:16: note: ')' token is here
  326 |   id_comment = rb_intern("comment");
      |                ^~~~~~~~~~~~~~~~~~~~
/Users/ootashougo/.rbenv/versions/2.7.3/include/ruby-2.7.0/ruby/ruby.h:1847:56: note: expanded from macro 'rb_intern'
 1847 |         __extension__ (RUBY_CONST_ID_CACHE((ID), (str))) : \
      |                                                        ^
xml_sax_parser.c:327:19: warning: '(' and '{' tokens introducing statement expression appear in different macro expansion contexts [-Wcompound-token-split-by-macro]
  327 |   id_characters = rb_intern("characters");
      |                   ^~~~~~~~~~~~~~~~~~~~~~~
/Users/ootashougo/.rbenv/versions/2.7.3/include/ruby-2.7.0/ruby/ruby.h:1847:23: note: expanded from macro 'rb_intern'
 1847 |         __extension__ (RUBY_CONST_ID_CACHE((ID), (str))) : \
      |                       ^
xml_sax_parser.c:327:19: note: '{' token is here
  327 |   id_characters = rb_intern("characters");
      |                   ^~~~~~~~~~~~~~~~~~~~~~~
/Users/ootashougo/.rbenv/versions/2.7.3/include/ruby-2.7.0/ruby/ruby.h:1847:24: note: expanded from macro 'rb_intern'
 1847 |         __extension__ (RUBY_CONST_ID_CACHE((ID), (str))) : \
      |                        ^~~~~~~~~~~~~~~~~~~~~~~~~~~~~~~~
/Users/ootashougo/.rbenv/versions/2.7.3/include/ruby-2.7.0/ruby/ruby.h:1832:5: note: expanded from macro 'RUBY_CONST_ID_CACHE'
 1832 |     {                                                   \
      |     ^
xml_sax_parser.c:327:19: warning: '}' and ')' tokens terminating statement expression appear in different macro expansion contexts [-Wcompound-token-split-by-macro]
  327 |   id_characters = rb_intern("characters");
      |                   ^~~~~~~~~~~~~~~~~~~~~~~
/Users/ootashougo/.rbenv/versions/2.7.3/include/ruby-2.7.0/ruby/ruby.h:1847:24: note: expanded from macro 'rb_intern'
 1847 |         __extension__ (RUBY_CONST_ID_CACHE((ID), (str))) : \
      |                        ^~~~~~~~~~~~~~~~~~~~~~~~~~~~~~~~
/Users/ootashougo/.rbenv/versions/2.7.3/include/ruby-2.7.0/ruby/ruby.h:1837:5: note: expanded from macro 'RUBY_CONST_ID_CACHE'
 1837 |     }
      |     ^
xml_sax_parser.c:327:19: note: ')' token is here
  327 |   id_characters = rb_intern("characters");
      |                   ^~~~~~~~~~~~~~~~~~~~~~~
/Users/ootashougo/.rbenv/versions/2.7.3/include/ruby-2.7.0/ruby/ruby.h:1847:56: note: expanded from macro 'rb_intern'
 1847 |         __extension__ (RUBY_CONST_ID_CACHE((ID), (str))) : \
      |                                                        ^
xml_sax_parser.c:328:16: warning: '(' and '{' tokens introducing statement expression appear in different macro expansion contexts [-Wcompound-token-split-by-macro]
  328 |   id_xmldecl = rb_intern("xmldecl");
      |                ^~~~~~~~~~~~~~~~~~~~
/Users/ootashougo/.rbenv/versions/2.7.3/include/ruby-2.7.0/ruby/ruby.h:1847:23: note: expanded from macro 'rb_intern'
 1847 |         __extension__ (RUBY_CONST_ID_CACHE((ID), (str))) : \
      |                       ^
xml_sax_parser.c:328:16: note: '{' token is here
  328 |   id_xmldecl = rb_intern("xmldecl");
      |                ^~~~~~~~~~~~~~~~~~~~
/Users/ootashougo/.rbenv/versions/2.7.3/include/ruby-2.7.0/ruby/ruby.h:1847:24: note: expanded from macro 'rb_intern'
 1847 |         __extension__ (RUBY_CONST_ID_CACHE((ID), (str))) : \
      |                        ^~~~~~~~~~~~~~~~~~~~~~~~~~~~~~~~
/Users/ootashougo/.rbenv/versions/2.7.3/include/ruby-2.7.0/ruby/ruby.h:1832:5: note: expanded from macro 'RUBY_CONST_ID_CACHE'
 1832 |     {                                                   \
      |     ^
xml_sax_parser.c:328:16: warning: '}' and ')' tokens terminating statement expression appear in different macro expansion contexts [-Wcompound-token-split-by-macro]
  328 |   id_xmldecl = rb_intern("xmldecl");
      |                ^~~~~~~~~~~~~~~~~~~~
/Users/ootashougo/.rbenv/versions/2.7.3/include/ruby-2.7.0/ruby/ruby.h:1847:24: note: expanded from macro 'rb_intern'
 1847 |         __extension__ (RUBY_CONST_ID_CACHE((ID), (str))) : \
      |                        ^~~~~~~~~~~~~~~~~~~~~~~~~~~~~~~~
/Users/ootashougo/.rbenv/versions/2.7.3/include/ruby-2.7.0/ruby/ruby.h:1837:5: note: expanded from macro 'RUBY_CONST_ID_CACHE'
 1837 |     }
      |     ^
xml_sax_parser.c:328:16: note: ')' token is here
  328 |   id_xmldecl = rb_intern("xmldecl");
      |                ^~~~~~~~~~~~~~~~~~~~
/Users/ootashougo/.rbenv/versions/2.7.3/include/ruby-2.7.0/ruby/ruby.h:1847:56: note: expanded from macro 'rb_intern'
 1847 |         __extension__ (RUBY_CONST_ID_CACHE((ID), (str))) : \
      |                                                        ^
xml_sax_parser.c:329:14: warning: '(' and '{' tokens introducing statement expression appear in different macro expansion contexts [-Wcompound-token-split-by-macro]
  329 |   id_error = rb_intern("error");
      |              ^~~~~~~~~~~~~~~~~~
/Users/ootashougo/.rbenv/versions/2.7.3/include/ruby-2.7.0/ruby/ruby.h:1847:23: note: expanded from macro 'rb_intern'
 1847 |         __extension__ (RUBY_CONST_ID_CACHE((ID), (str))) : \
      |                       ^
xml_sax_parser.c:329:14: note: '{' token is here
  329 |   id_error = rb_intern("error");
      |              ^~~~~~~~~~~~~~~~~~
/Users/ootashougo/.rbenv/versions/2.7.3/include/ruby-2.7.0/ruby/ruby.h:1847:24: note: expanded from macro 'rb_intern'
 1847 |         __extension__ (RUBY_CONST_ID_CACHE((ID), (str))) : \
      |                        ^~~~~~~~~~~~~~~~~~~~~~~~~~~~~~~~
/Users/ootashougo/.rbenv/versions/2.7.3/include/ruby-2.7.0/ruby/ruby.h:1832:5: note: expanded from macro 'RUBY_CONST_ID_CACHE'
 1832 |     {                                                   \
      |     ^
xml_sax_parser.c:329:14: warning: '}' and ')' tokens terminating statement expression appear in different macro expansion contexts [-Wcompound-token-split-by-macro]
  329 |   id_error = rb_intern("error");
      |              ^~~~~~~~~~~~~~~~~~
/Users/ootashougo/.rbenv/versions/2.7.3/include/ruby-2.7.0/ruby/ruby.h:1847:24: note: expanded from macro 'rb_intern'
 1847 |         __extension__ (RUBY_CONST_ID_CACHE((ID), (str))) : \
      |                        ^~~~~~~~~~~~~~~~~~~~~~~~~~~~~~~~
/Users/ootashougo/.rbenv/versions/2.7.3/include/ruby-2.7.0/ruby/ruby.h:1837:5: note: expanded from macro 'RUBY_CONST_ID_CACHE'
 1837 |     }
      |     ^
xml_sax_parser.c:329:14: note: ')' token is here
  329 |   id_error = rb_intern("error");
      |              ^~~~~~~~~~~~~~~~~~
/Users/ootashougo/.rbenv/versions/2.7.3/include/ruby-2.7.0/ruby/ruby.h:1847:56: note: expanded from macro 'rb_intern'
 1847 |         __extension__ (RUBY_CONST_ID_CACHE((ID), (str))) : \
      |                                                        ^
xml_sax_parser.c:330:16: warning: '(' and '{' tokens introducing statement expression appear in different macro expansion contexts [-Wcompound-token-split-by-macro]
  330 |   id_warning = rb_intern("warning");
      |                ^~~~~~~~~~~~~~~~~~~~
/Users/ootashougo/.rbenv/versions/2.7.3/include/ruby-2.7.0/ruby/ruby.h:1847:23: note: expanded from macro 'rb_intern'
 1847 |         __extension__ (RUBY_CONST_ID_CACHE((ID), (str))) : \
      |                       ^
xml_sax_parser.c:330:16: note: '{' token is here
  330 |   id_warning = rb_intern("warning");
      |                ^~~~~~~~~~~~~~~~~~~~
/Users/ootashougo/.rbenv/versions/2.7.3/include/ruby-2.7.0/ruby/ruby.h:1847:24: note: expanded from macro 'rb_intern'
 1847 |         __extension__ (RUBY_CONST_ID_CACHE((ID), (str))) : \
      |                        ^~~~~~~~~~~~~~~~~~~~~~~~~~~~~~~~
/Users/ootashougo/.rbenv/versions/2.7.3/include/ruby-2.7.0/ruby/ruby.h:1832:5: note: expanded from macro 'RUBY_CONST_ID_CACHE'
 1832 |     {                                                   \
      |     ^
xml_sax_parser.c:330:16: warning: '}' and ')' tokens terminating statement expression appear in different macro expansion contexts [-Wcompound-token-split-by-macro]
  330 |   id_warning = rb_intern("warning");
      |                ^~~~~~~~~~~~~~~~~~~~
/Users/ootashougo/.rbenv/versions/2.7.3/include/ruby-2.7.0/ruby/ruby.h:1847:24: note: expanded from macro 'rb_intern'
 1847 |         __extension__ (RUBY_CONST_ID_CACHE((ID), (str))) : \
      |                        ^~~~~~~~~~~~~~~~~~~~~~~~~~~~~~~~
/Users/ootashougo/.rbenv/versions/2.7.3/include/ruby-2.7.0/ruby/ruby.h:1837:5: note: expanded from macro 'RUBY_CONST_ID_CACHE'
 1837 |     }
      |     ^
xml_sax_parser.c:330:16: note: ')' token is here
  330 |   id_warning = rb_intern("warning");
      |                ^~~~~~~~~~~~~~~~~~~~
/Users/ootashougo/.rbenv/versions/2.7.3/include/ruby-2.7.0/ruby/ruby.h:1847:56: note: expanded from macro 'rb_intern'
 1847 |         __extension__ (RUBY_CONST_ID_CACHE((ID), (str))) : \
      |                                                        ^
xml_sax_parser.c:331:20: warning: '(' and '{' tokens introducing statement expression appear in different macro expansion contexts [-Wcompound-token-split-by-macro]
  331 |   id_cdata_block = rb_intern("cdata_block");
      |                    ^~~~~~~~~~~~~~~~~~~~~~~~
/Users/ootashougo/.rbenv/versions/2.7.3/include/ruby-2.7.0/ruby/ruby.h:1847:23: note: expanded from macro 'rb_intern'
 1847 |         __extension__ (RUBY_CONST_ID_CACHE((ID), (str))) : \
      |                       ^
xml_sax_parser.c:331:20: note: '{' token is here
  331 |   id_cdata_block = rb_intern("cdata_block");
      |                    ^~~~~~~~~~~~~~~~~~~~~~~~
/Users/ootashougo/.rbenv/versions/2.7.3/include/ruby-2.7.0/ruby/ruby.h:1847:24: note: expanded from macro 'rb_intern'
 1847 |         __extension__ (RUBY_CONST_ID_CACHE((ID), (str))) : \
      |                        ^~~~~~~~~~~~~~~~~~~~~~~~~~~~~~~~
/Users/ootashougo/.rbenv/versions/2.7.3/include/ruby-2.7.0/ruby/ruby.h:1832:5: note: expanded from macro 'RUBY_CONST_ID_CACHE'
 1832 |     {                                                   \
      |     ^
xml_sax_parser.c:331:20: warning: '}' and ')' tokens terminating statement expression appear in different macro expansion contexts [-Wcompound-token-split-by-macro]
  331 |   id_cdata_block = rb_intern("cdata_block");
      |                    ^~~~~~~~~~~~~~~~~~~~~~~~
/Users/ootashougo/.rbenv/versions/2.7.3/include/ruby-2.7.0/ruby/ruby.h:1847:24: note: expanded from macro 'rb_intern'
 1847 |         __extension__ (RUBY_CONST_ID_CACHE((ID), (str))) : \
      |                        ^~~~~~~~~~~~~~~~~~~~~~~~~~~~~~~~
/Users/ootashougo/.rbenv/versions/2.7.3/include/ruby-2.7.0/ruby/ruby.h:1837:5: note: expanded from macro 'RUBY_CONST_ID_CACHE'
 1837 |     }
      |     ^
xml_sax_parser.c:331:20: note: ')' token is here
  331 |   id_cdata_block = rb_intern("cdata_block");
      |                    ^~~~~~~~~~~~~~~~~~~~~~~~
/Users/ootashougo/.rbenv/versions/2.7.3/include/ruby-2.7.0/ruby/ruby.h:1847:56: note: expanded from macro 'rb_intern'
 1847 |         __extension__ (RUBY_CONST_ID_CACHE((ID), (str))) : \
      |                                                        ^
xml_sax_parser.c:332:32: warning: '(' and '{' tokens introducing statement expression appear in different macro expansion contexts [-Wcompound-token-split-by-macro]
  332 |   id_start_element_namespace = rb_intern("start_element_namespace");
      |                                ^~~~~~~~~~~~~~~~~~~~~~~~~~~~~~~~~~~~
/Users/ootashougo/.rbenv/versions/2.7.3/include/ruby-2.7.0/ruby/ruby.h:1847:23: note: expanded from macro 'rb_intern'
 1847 |         __extension__ (RUBY_CONST_ID_CACHE((ID), (str))) : \
      |                       ^
xml_sax_parser.c:332:32: note: '{' token is here
  332 |   id_start_element_namespace = rb_intern("start_element_namespace");
      |                                ^~~~~~~~~~~~~~~~~~~~~~~~~~~~~~~~~~~~
/Users/ootashougo/.rbenv/versions/2.7.3/include/ruby-2.7.0/ruby/ruby.h:1847:24: note: expanded from macro 'rb_intern'
 1847 |         __extension__ (RUBY_CONST_ID_CACHE((ID), (str))) : \
      |                        ^~~~~~~~~~~~~~~~~~~~~~~~~~~~~~~~
/Users/ootashougo/.rbenv/versions/2.7.3/include/ruby-2.7.0/ruby/ruby.h:1832:5: note: expanded from macro 'RUBY_CONST_ID_CACHE'
 1832 |     {                                                   \
      |     ^
xml_sax_parser.c:332:32: warning: '}' and ')' tokens terminating statement expression appear in different macro expansion contexts [-Wcompound-token-split-by-macro]
  332 |   id_start_element_namespace = rb_intern("start_element_namespace");
      |                                ^~~~~~~~~~~~~~~~~~~~~~~~~~~~~~~~~~~~
/Users/ootashougo/.rbenv/versions/2.7.3/include/ruby-2.7.0/ruby/ruby.h:1847:24: note: expanded from macro 'rb_intern'
 1847 |         __extension__ (RUBY_CONST_ID_CACHE((ID), (str))) : \
      |                        ^~~~~~~~~~~~~~~~~~~~~~~~~~~~~~~~
/Users/ootashougo/.rbenv/versions/2.7.3/include/ruby-2.7.0/ruby/ruby.h:1837:5: note: expanded from macro 'RUBY_CONST_ID_CACHE'
 1837 |     }
      |     ^
xml_sax_parser.c:332:32: note: ')' token is here
  332 |   id_start_element_namespace = rb_intern("start_element_namespace");
      |                                ^~~~~~~~~~~~~~~~~~~~~~~~~~~~~~~~~~~~
/Users/ootashougo/.rbenv/versions/2.7.3/include/ruby-2.7.0/ruby/ruby.h:1847:56: note: expanded from macro 'rb_intern'
 1847 |         __extension__ (RUBY_CONST_ID_CACHE((ID), (str))) : \
      |                                                        ^
xml_sax_parser.c:333:30: warning: '(' and '{' tokens introducing statement expression appear in different macro expansion contexts [-Wcompound-token-split-by-macro]
  333 |   id_end_element_namespace = rb_intern("end_element_namespace");
      |                              ^~~~~~~~~~~~~~~~~~~~~~~~~~~~~~~~~~
/Users/ootashougo/.rbenv/versions/2.7.3/include/ruby-2.7.0/ruby/ruby.h:1847:23: note: expanded from macro 'rb_intern'
 1847 |         __extension__ (RUBY_CONST_ID_CACHE((ID), (str))) : \
      |                       ^
xml_sax_parser.c:333:30: note: '{' token is here
  333 |   id_end_element_namespace = rb_intern("end_element_namespace");
      |                              ^~~~~~~~~~~~~~~~~~~~~~~~~~~~~~~~~~
/Users/ootashougo/.rbenv/versions/2.7.3/include/ruby-2.7.0/ruby/ruby.h:1847:24: note: expanded from macro 'rb_intern'
 1847 |         __extension__ (RUBY_CONST_ID_CACHE((ID), (str))) : \
      |                        ^~~~~~~~~~~~~~~~~~~~~~~~~~~~~~~~
/Users/ootashougo/.rbenv/versions/2.7.3/include/ruby-2.7.0/ruby/ruby.h:1832:5: note: expanded from macro 'RUBY_CONST_ID_CACHE'
 1832 |     {                                                   \
      |     ^
xml_sax_parser.c:333:30: warning: '}' and ')' tokens terminating statement expression appear in different macro expansion contexts [-Wcompound-token-split-by-macro]
  333 |   id_end_element_namespace = rb_intern("end_element_namespace");
      |                              ^~~~~~~~~~~~~~~~~~~~~~~~~~~~~~~~~~
/Users/ootashougo/.rbenv/versions/2.7.3/include/ruby-2.7.0/ruby/ruby.h:1847:24: note: expanded from macro 'rb_intern'
 1847 |         __extension__ (RUBY_CONST_ID_CACHE((ID), (str))) : \
      |                        ^~~~~~~~~~~~~~~~~~~~~~~~~~~~~~~~
/Users/ootashougo/.rbenv/versions/2.7.3/include/ruby-2.7.0/ruby/ruby.h:1837:5: note: expanded from macro 'RUBY_CONST_ID_CACHE'
 1837 |     }
      |     ^
xml_sax_parser.c:333:30: note: ')' token is here
  333 |   id_end_element_namespace = rb_intern("end_element_namespace");
      |                              ^~~~~~~~~~~~~~~~~~~~~~~~~~~~~~~~~~
/Users/ootashougo/.rbenv/versions/2.7.3/include/ruby-2.7.0/ruby/ruby.h:1847:56: note: expanded from macro 'rb_intern'
 1847 |         __extension__ (RUBY_CONST_ID_CACHE((ID), (str))) : \
      |                                                        ^
xml_sax_parser.c:334:31: warning: '(' and '{' tokens introducing statement expression appear in different macro expansion contexts [-Wcompound-token-split-by-macro]
  334 |   id_processing_instruction = rb_intern("processing_instruction");
      |                               ^~~~~~~~~~~~~~~~~~~~~~~~~~~~~~~~~~~
/Users/ootashougo/.rbenv/versions/2.7.3/include/ruby-2.7.0/ruby/ruby.h:1847:23: note: expanded from macro 'rb_intern'
 1847 |         __extension__ (RUBY_CONST_ID_CACHE((ID), (str))) : \
      |                       ^
xml_sax_parser.c:334:31: note: '{' token is here
  334 |   id_processing_instruction = rb_intern("processing_instruction");
      |                               ^~~~~~~~~~~~~~~~~~~~~~~~~~~~~~~~~~~
/Users/ootashougo/.rbenv/versions/2.7.3/include/ruby-2.7.0/ruby/ruby.h:1847:24: note: expanded from macro 'rb_intern'
 1847 |         __extension__ (RUBY_CONST_ID_CACHE((ID), (str))) : \
      |                        ^~~~~~~~~~~~~~~~~~~~~~~~~~~~~~~~
/Users/ootashougo/.rbenv/versions/2.7.3/include/ruby-2.7.0/ruby/ruby.h:1832:5: note: expanded from macro 'RUBY_CONST_ID_CACHE'
 1832 |     {                                                   \
      |     ^
xml_sax_parser.c:334:31: warning: '}' and ')' tokens terminating statement expression appear in different macro expansion contexts [-Wcompound-token-split-by-macro]
  334 |   id_processing_instruction = rb_intern("processing_instruction");
      |                               ^~~~~~~~~~~~~~~~~~~~~~~~~~~~~~~~~~~
/Users/ootashougo/.rbenv/versions/2.7.3/include/ruby-2.7.0/ruby/ruby.h:1847:24: note: expanded from macro 'rb_intern'
 1847 |         __extension__ (RUBY_CONST_ID_CACHE((ID), (str))) : \
      |                        ^~~~~~~~~~~~~~~~~~~~~~~~~~~~~~~~
/Users/ootashougo/.rbenv/versions/2.7.3/include/ruby-2.7.0/ruby/ruby.h:1837:5: note: expanded from macro 'RUBY_CONST_ID_CACHE'
 1837 |     }
      |     ^
xml_sax_parser.c:334:31: note: ')' token is here
  334 |   id_processing_instruction = rb_intern("processing_instruction");
      |                               ^~~~~~~~~~~~~~~~~~~~~~~~~~~~~~~~~~~
/Users/ootashougo/.rbenv/versions/2.7.3/include/ruby-2.7.0/ruby/ruby.h:1847:56: note: expanded from macro 'rb_intern'
 1847 |         __extension__ (RUBY_CONST_ID_CACHE((ID), (str))) : \
      |                                                        ^
28 warnings generated.
compiling xml_sax_parser_context.c
xml_sax_parser_context.c:303:13: warning: '(' and '{' tokens introducing statement expression appear in different macro expansion contexts [-Wcompound-token-split-by-macro]
  303 |   id_read = rb_intern("read");
      |             ^~~~~~~~~~~~~~~~~
/Users/ootashougo/.rbenv/versions/2.7.3/include/ruby-2.7.0/ruby/ruby.h:1847:23: note: expanded from macro 'rb_intern'
 1847 |         __extension__ (RUBY_CONST_ID_CACHE((ID), (str))) : \
      |                       ^
xml_sax_parser_context.c:303:13: note: '{' token is here
  303 |   id_read = rb_intern("read");
      |             ^~~~~~~~~~~~~~~~~
/Users/ootashougo/.rbenv/versions/2.7.3/include/ruby-2.7.0/ruby/ruby.h:1847:24: note: expanded from macro 'rb_intern'
 1847 |         __extension__ (RUBY_CONST_ID_CACHE((ID), (str))) : \
      |                        ^~~~~~~~~~~~~~~~~~~~~~~~~~~~~~~~
/Users/ootashougo/.rbenv/versions/2.7.3/include/ruby-2.7.0/ruby/ruby.h:1832:5: note: expanded from macro 'RUBY_CONST_ID_CACHE'
 1832 |     {                                                   \
      |     ^
xml_sax_parser_context.c:303:13: warning: '}' and ')' tokens terminating statement expression appear in different macro expansion contexts [-Wcompound-token-split-by-macro]
  303 |   id_read = rb_intern("read");
      |             ^~~~~~~~~~~~~~~~~
/Users/ootashougo/.rbenv/versions/2.7.3/include/ruby-2.7.0/ruby/ruby.h:1847:24: note: expanded from macro 'rb_intern'
 1847 |         __extension__ (RUBY_CONST_ID_CACHE((ID), (str))) : \
      |                        ^~~~~~~~~~~~~~~~~~~~~~~~~~~~~~~~
/Users/ootashougo/.rbenv/versions/2.7.3/include/ruby-2.7.0/ruby/ruby.h:1837:5: note: expanded from macro 'RUBY_CONST_ID_CACHE'
 1837 |     }
      |     ^
xml_sax_parser_context.c:303:13: note: ')' token is here
  303 |   id_read = rb_intern("read");
      |             ^~~~~~~~~~~~~~~~~
/Users/ootashougo/.rbenv/versions/2.7.3/include/ruby-2.7.0/ruby/ruby.h:1847:56: note: expanded from macro 'rb_intern'
 1847 |         __extension__ (RUBY_CONST_ID_CACHE((ID), (str))) : \
      |                                                        ^
2 warnings generated.
compiling xml_sax_push_parser.c
compiling xml_schema.c
xml_schema.c:117:56: warning: '(' and '{' tokens introducing statement expression appear in different macro expansion contexts [-Wcompound-token-split-by-macro]
  117 |                          rb_const_get_at(mNokogiriXml, rb_intern("ParseOptions")),
      |                                                        ^~~~~~~~~~~~~~~~~~~~~~~~~
/Users/ootashougo/.rbenv/versions/2.7.3/include/ruby-2.7.0/ruby/ruby.h:1847:23: note: expanded from macro 'rb_intern'
 1847 |         __extension__ (RUBY_CONST_ID_CACHE((ID), (str))) : \
      |                       ^
xml_schema.c:117:56: note: '{' token is here
  117 |                          rb_const_get_at(mNokogiriXml, rb_intern("ParseOptions")),
      |                                                        ^~~~~~~~~~~~~~~~~~~~~~~~~
/Users/ootashougo/.rbenv/versions/2.7.3/include/ruby-2.7.0/ruby/ruby.h:1847:24: note: expanded from macro 'rb_intern'
 1847 |         __extension__ (RUBY_CONST_ID_CACHE((ID), (str))) : \
      |                        ^~~~~~~~~~~~~~~~~~~~~~~~~~~~~~~~
/Users/ootashougo/.rbenv/versions/2.7.3/include/ruby-2.7.0/ruby/ruby.h:1832:5: note: expanded from macro 'RUBY_CONST_ID_CACHE'
 1832 |     {                                                   \
      |     ^
xml_schema.c:117:56: warning: '}' and ')' tokens terminating statement expression appear in different macro expansion contexts [-Wcompound-token-split-by-macro]
  117 |                          rb_const_get_at(mNokogiriXml, rb_intern("ParseOptions")),
      |                                                        ^~~~~~~~~~~~~~~~~~~~~~~~~
/Users/ootashougo/.rbenv/versions/2.7.3/include/ruby-2.7.0/ruby/ruby.h:1847:24: note: expanded from macro 'rb_intern'
 1847 |         __extension__ (RUBY_CONST_ID_CACHE((ID), (str))) : \
      |                        ^~~~~~~~~~~~~~~~~~~~~~~~~~~~~~~~
/Users/ootashougo/.rbenv/versions/2.7.3/include/ruby-2.7.0/ruby/ruby.h:1837:5: note: expanded from macro 'RUBY_CONST_ID_CACHE'
 1837 |     }
      |     ^
xml_schema.c:117:56: note: ')' token is here
  117 |                          rb_const_get_at(mNokogiriXml, rb_intern("ParseOptions")),
      |                                                        ^~~~~~~~~~~~~~~~~~~~~~~~~
/Users/ootashougo/.rbenv/versions/2.7.3/include/ruby-2.7.0/ruby/ruby.h:1847:56: note: expanded from macro 'rb_intern'
 1847 |         __extension__ (RUBY_CONST_ID_CACHE((ID), (str))) : \
      |                                                        ^
xml_schema.c:118:26: warning: '(' and '{' tokens introducing statement expression appear in different macro expansion contexts [-Wcompound-token-split-by-macro]
  118 |                          rb_intern("DEFAULT_SCHEMA")
      |                          ^~~~~~~~~~~~~~~~~~~~~~~~~~~
/Users/ootashougo/.rbenv/versions/2.7.3/include/ruby-2.7.0/ruby/ruby.h:1847:23: note: expanded from macro 'rb_intern'
 1847 |         __extension__ (RUBY_CONST_ID_CACHE((ID), (str))) : \
      |                       ^
xml_schema.c:118:26: note: '{' token is here
  118 |                          rb_intern("DEFAULT_SCHEMA")
      |                          ^~~~~~~~~~~~~~~~~~~~~~~~~~~
/Users/ootashougo/.rbenv/versions/2.7.3/include/ruby-2.7.0/ruby/ruby.h:1847:24: note: expanded from macro 'rb_intern'
 1847 |         __extension__ (RUBY_CONST_ID_CACHE((ID), (str))) : \
      |                        ^~~~~~~~~~~~~~~~~~~~~~~~~~~~~~~~
/Users/ootashougo/.rbenv/versions/2.7.3/include/ruby-2.7.0/ruby/ruby.h:1832:5: note: expanded from macro 'RUBY_CONST_ID_CACHE'
 1832 |     {                                                   \
      |     ^
xml_schema.c:118:26: warning: '}' and ')' tokens terminating statement expression appear in different macro expansion contexts [-Wcompound-token-split-by-macro]
  118 |                          rb_intern("DEFAULT_SCHEMA")
      |                          ^~~~~~~~~~~~~~~~~~~~~~~~~~~
/Users/ootashougo/.rbenv/versions/2.7.3/include/ruby-2.7.0/ruby/ruby.h:1847:24: note: expanded from macro 'rb_intern'
 1847 |         __extension__ (RUBY_CONST_ID_CACHE((ID), (str))) : \
      |                        ^~~~~~~~~~~~~~~~~~~~~~~~~~~~~~~~
/Users/ootashougo/.rbenv/versions/2.7.3/include/ruby-2.7.0/ruby/ruby.h:1837:5: note: expanded from macro 'RUBY_CONST_ID_CACHE'
 1837 |     }
      |     ^
xml_schema.c:118:26: note: ')' token is here
  118 |                          rb_intern("DEFAULT_SCHEMA")
      |                          ^~~~~~~~~~~~~~~~~~~~~~~~~~~
/Users/ootashougo/.rbenv/versions/2.7.3/include/ruby-2.7.0/ruby/ruby.h:1847:56: note: expanded from macro 'rb_intern'
 1847 |         __extension__ (RUBY_CONST_ID_CACHE((ID), (str))) : \
      |                                                        ^
xml_schema.c:133:65: warning: '(' and '{' tokens introducing statement expression appear in different macro expansion contexts [-Wcompound-token-split-by-macro]
  133 |   parse_options_int = (int)NUM2INT(rb_funcall(rb_parse_options, rb_intern("to_i"), 0));
      |                                                                 ^~~~~~~~~~~~~~~~~
/Users/ootashougo/.rbenv/versions/2.7.3/include/ruby-2.7.0/ruby/ruby.h:1847:23: note: expanded from macro 'rb_intern'
 1847 |         __extension__ (RUBY_CONST_ID_CACHE((ID), (str))) : \
      |                       ^
/Users/ootashougo/.rbenv/versions/2.7.3/include/ruby-2.7.0/ruby/ruby.h:2689:27: note: expanded from macro 'rb_funcall'
 2689 |         rb_funcallv(recv, mid, \
      |                           ^~~
/Users/ootashougo/.rbenv/versions/2.7.3/include/ruby-2.7.0/ruby/ruby.h:715:32: note: expanded from macro 'NUM2INT'
  715 | #define NUM2INT(x)  RB_NUM2INT(x)
      |                                ^
/Users/ootashougo/.rbenv/versions/2.7.3/include/ruby-2.7.0/ruby/ruby.h:703:41: note: expanded from macro 'RB_NUM2INT'
  703 | #define RB_NUM2INT(x) rb_num2int_inline(x)
      |                                         ^
xml_schema.c:133:65: note: '{' token is here
  133 |   parse_options_int = (int)NUM2INT(rb_funcall(rb_parse_options, rb_intern("to_i"), 0));
      |                                                                 ^~~~~~~~~~~~~~~~~
/Users/ootashougo/.rbenv/versions/2.7.3/include/ruby-2.7.0/ruby/ruby.h:1847:24: note: expanded from macro 'rb_intern'
 1847 |         __extension__ (RUBY_CONST_ID_CACHE((ID), (str))) : \
      |                        ^~~~~~~~~~~~~~~~~~~~~~~~~~~~~~~~
/Users/ootashougo/.rbenv/versions/2.7.3/include/ruby-2.7.0/ruby/ruby.h:1832:5: note: expanded from macro 'RUBY_CONST_ID_CACHE'
 1832 |     {                                                   \
      |     ^
/Users/ootashougo/.rbenv/versions/2.7.3/include/ruby-2.7.0/ruby/ruby.h:2689:27: note: expanded from macro 'rb_funcall'
 2689 |         rb_funcallv(recv, mid, \
      |                           ^~~
/Users/ootashougo/.rbenv/versions/2.7.3/include/ruby-2.7.0/ruby/ruby.h:715:32: note: expanded from macro 'NUM2INT'
  715 | #define NUM2INT(x)  RB_NUM2INT(x)
      |                                ^
/Users/ootashougo/.rbenv/versions/2.7.3/include/ruby-2.7.0/ruby/ruby.h:703:41: note: expanded from macro 'RB_NUM2INT'
  703 | #define RB_NUM2INT(x) rb_num2int_inline(x)
      |                                         ^
xml_schema.c:133:65: warning: '}' and ')' tokens terminating statement expression appear in different macro expansion contexts [-Wcompound-token-split-by-macro]
  133 |   parse_options_int = (int)NUM2INT(rb_funcall(rb_parse_options, rb_intern("to_i"), 0));
      |                                                                 ^~~~~~~~~~~~~~~~~
/Users/ootashougo/.rbenv/versions/2.7.3/include/ruby-2.7.0/ruby/ruby.h:1847:24: note: expanded from macro 'rb_intern'
 1847 |         __extension__ (RUBY_CONST_ID_CACHE((ID), (str))) : \
      |                        ^~~~~~~~~~~~~~~~~~~~~~~~~~~~~~~~
/Users/ootashougo/.rbenv/versions/2.7.3/include/ruby-2.7.0/ruby/ruby.h:1837:5: note: expanded from macro 'RUBY_CONST_ID_CACHE'
 1837 |     }
      |     ^
/Users/ootashougo/.rbenv/versions/2.7.3/include/ruby-2.7.0/ruby/ruby.h:2689:27: note: expanded from macro 'rb_funcall'
 2689 |         rb_funcallv(recv, mid, \
      |                           ^~~
/Users/ootashougo/.rbenv/versions/2.7.3/include/ruby-2.7.0/ruby/ruby.h:715:32: note: expanded from macro 'NUM2INT'
  715 | #define NUM2INT(x)  RB_NUM2INT(x)
      |                                ^
/Users/ootashougo/.rbenv/versions/2.7.3/include/ruby-2.7.0/ruby/ruby.h:703:41: note: expanded from macro 'RB_NUM2INT'
  703 | #define RB_NUM2INT(x) rb_num2int_inline(x)
      |                                         ^
xml_schema.c:133:65: note: ')' token is here
  133 |   parse_options_int = (int)NUM2INT(rb_funcall(rb_parse_options, rb_intern("to_i"), 0));
      |                                                                 ^~~~~~~~~~~~~~~~~
/Users/ootashougo/.rbenv/versions/2.7.3/include/ruby-2.7.0/ruby/ruby.h:1847:56: note: expanded from macro 'rb_intern'
 1847 |         __extension__ (RUBY_CONST_ID_CACHE((ID), (str))) : \
      |                                                        ^
/Users/ootashougo/.rbenv/versions/2.7.3/include/ruby-2.7.0/ruby/ruby.h:2689:27: note: expanded from macro 'rb_funcall'
 2689 |         rb_funcallv(recv, mid, \
      |                           ^~~
/Users/ootashougo/.rbenv/versions/2.7.3/include/ruby-2.7.0/ruby/ruby.h:715:32: note: expanded from macro 'NUM2INT'
  715 | #define NUM2INT(x)  RB_NUM2INT(x)
      |                                ^
/Users/ootashougo/.rbenv/versions/2.7.3/include/ruby-2.7.0/ruby/ruby.h:703:41: note: expanded from macro 'RB_NUM2INT'
  703 | #define RB_NUM2INT(x) rb_num2int_inline(x)
      |                                         ^
6 warnings generated.
compiling xml_syntax_error.c
compiling xml_text.c
compiling xml_xpath_context.c
xml_xpath_context.c:250:17: warning: '(' and '{' tokens introducing statement expression appear in different macro expansion contexts [-Wcompound-token-split-by-macro]
  250 |                 rb_intern((const char *)method_name),
      |                 ^~~~~~~~~~~~~~~~~~~~~~~~~~~~~~~~~~~~
/Users/ootashougo/.rbenv/versions/2.7.3/include/ruby-2.7.0/ruby/ruby.h:1847:23: note: expanded from macro 'rb_intern'
 1847 |         __extension__ (RUBY_CONST_ID_CACHE((ID), (str))) : \
      |                       ^
xml_xpath_context.c:250:17: note: '{' token is here
  250 |                 rb_intern((const char *)method_name),
      |                 ^~~~~~~~~~~~~~~~~~~~~~~~~~~~~~~~~~~~
/Users/ootashougo/.rbenv/versions/2.7.3/include/ruby-2.7.0/ruby/ruby.h:1847:24: note: expanded from macro 'rb_intern'
 1847 |         __extension__ (RUBY_CONST_ID_CACHE((ID), (str))) : \
      |                        ^~~~~~~~~~~~~~~~~~~~~~~~~~~~~~~~
/Users/ootashougo/.rbenv/versions/2.7.3/include/ruby-2.7.0/ruby/ruby.h:1832:5: note: expanded from macro 'RUBY_CONST_ID_CACHE'
 1832 |     {                                                   \
      |     ^
xml_xpath_context.c:250:17: warning: '}' and ')' tokens terminating statement expression appear in different macro expansion contexts [-Wcompound-token-split-by-macro]
  250 |                 rb_intern((const char *)method_name),
      |                 ^~~~~~~~~~~~~~~~~~~~~~~~~~~~~~~~~~~~
/Users/ootashougo/.rbenv/versions/2.7.3/include/ruby-2.7.0/ruby/ruby.h:1847:24: note: expanded from macro 'rb_intern'
 1847 |         __extension__ (RUBY_CONST_ID_CACHE((ID), (str))) : \
      |                        ^~~~~~~~~~~~~~~~~~~~~~~~~~~~~~~~
/Users/ootashougo/.rbenv/versions/2.7.3/include/ruby-2.7.0/ruby/ruby.h:1837:5: note: expanded from macro 'RUBY_CONST_ID_CACHE'
 1837 |     }
      |     ^
xml_xpath_context.c:250:17: note: ')' token is here
  250 |                 rb_intern((const char *)method_name),
      |                 ^~~~~~~~~~~~~~~~~~~~~~~~~~~~~~~~~~~~
/Users/ootashougo/.rbenv/versions/2.7.3/include/ruby-2.7.0/ruby/ruby.h:1847:56: note: expanded from macro 'rb_intern'
 1847 |         __extension__ (RUBY_CONST_ID_CACHE((ID), (str))) : \
      |                                                        ^
xml_xpath_context.c:322:33: warning: '(' and '{' tokens introducing statement expression appear in different macro expansion contexts [-Wcompound-token-split-by-macro]
  322 |   if (rb_respond_to(rb_handler, rb_intern((const char *)c_name))) {
      |                                 ^~~~~~~~~~~~~~~~~~~~~~~~~~~~~~~
/Users/ootashougo/.rbenv/versions/2.7.3/include/ruby-2.7.0/ruby/ruby.h:1847:23: note: expanded from macro 'rb_intern'
 1847 |         __extension__ (RUBY_CONST_ID_CACHE((ID), (str))) : \
      |                       ^
xml_xpath_context.c:322:33: note: '{' token is here
  322 |   if (rb_respond_to(rb_handler, rb_intern((const char *)c_name))) {
      |                                 ^~~~~~~~~~~~~~~~~~~~~~~~~~~~~~~
/Users/ootashougo/.rbenv/versions/2.7.3/include/ruby-2.7.0/ruby/ruby.h:1847:24: note: expanded from macro 'rb_intern'
 1847 |         __extension__ (RUBY_CONST_ID_CACHE((ID), (str))) : \
      |                        ^~~~~~~~~~~~~~~~~~~~~~~~~~~~~~~~
/Users/ootashougo/.rbenv/versions/2.7.3/include/ruby-2.7.0/ruby/ruby.h:1832:5: note: expanded from macro 'RUBY_CONST_ID_CACHE'
 1832 |     {                                                   \
      |     ^
xml_xpath_context.c:322:33: warning: '}' and ')' tokens terminating statement expression appear in different macro expansion contexts [-Wcompound-token-split-by-macro]
  322 |   if (rb_respond_to(rb_handler, rb_intern((const char *)c_name))) {
      |                                 ^~~~~~~~~~~~~~~~~~~~~~~~~~~~~~~
/Users/ootashougo/.rbenv/versions/2.7.3/include/ruby-2.7.0/ruby/ruby.h:1847:24: note: expanded from macro 'rb_intern'
 1847 |         __extension__ (RUBY_CONST_ID_CACHE((ID), (str))) : \
      |                        ^~~~~~~~~~~~~~~~~~~~~~~~~~~~~~~~
/Users/ootashougo/.rbenv/versions/2.7.3/include/ruby-2.7.0/ruby/ruby.h:1837:5: note: expanded from macro 'RUBY_CONST_ID_CACHE'
 1837 |     }
      |     ^
xml_xpath_context.c:322:33: note: ')' token is here
  322 |   if (rb_respond_to(rb_handler, rb_intern((const char *)c_name))) {
      |                                 ^~~~~~~~~~~~~~~~~~~~~~~~~~~~~~~
/Users/ootashougo/.rbenv/versions/2.7.3/include/ruby-2.7.0/ruby/ruby.h:1847:56: note: expanded from macro 'rb_intern'
 1847 |         __extension__ (RUBY_CONST_ID_CACHE((ID), (str))) : \
      |                                                        ^
4 warnings generated.
compiling xslt_stylesheet.c
xslt_stylesheet.c:264:37: warning: '(' and '{' tokens introducing statement expression appear in different macro expansion contexts [-Wcompound-token-split-by-macro]
  264 |     rb_param = rb_funcall(rb_param, rb_intern("to_a"), 0);
      |                                     ^~~~~~~~~~~~~~~~~
/Users/ootashougo/.rbenv/versions/2.7.3/include/ruby-2.7.0/ruby/ruby.h:1847:23: note: expanded from macro 'rb_intern'
 1847 |         __extension__ (RUBY_CONST_ID_CACHE((ID), (str))) : \
      |                       ^
/Users/ootashougo/.rbenv/versions/2.7.3/include/ruby-2.7.0/ruby/ruby.h:2689:27: note: expanded from macro 'rb_funcall'
 2689 |         rb_funcallv(recv, mid, \
      |                           ^~~
xslt_stylesheet.c:264:37: note: '{' token is here
  264 |     rb_param = rb_funcall(rb_param, rb_intern("to_a"), 0);
      |                                     ^~~~~~~~~~~~~~~~~
/Users/ootashougo/.rbenv/versions/2.7.3/include/ruby-2.7.0/ruby/ruby.h:1847:24: note: expanded from macro 'rb_intern'
 1847 |         __extension__ (RUBY_CONST_ID_CACHE((ID), (str))) : \
      |                        ^~~~~~~~~~~~~~~~~~~~~~~~~~~~~~~~
/Users/ootashougo/.rbenv/versions/2.7.3/include/ruby-2.7.0/ruby/ruby.h:1832:5: note: expanded from macro 'RUBY_CONST_ID_CACHE'
 1832 |     {                                                   \
      |     ^
/Users/ootashougo/.rbenv/versions/2.7.3/include/ruby-2.7.0/ruby/ruby.h:2689:27: note: expanded from macro 'rb_funcall'
 2689 |         rb_funcallv(recv, mid, \
      |                           ^~~
xslt_stylesheet.c:264:37: warning: '}' and ')' tokens terminating statement expression appear in different macro expansion contexts [-Wcompound-token-split-by-macro]
  264 |     rb_param = rb_funcall(rb_param, rb_intern("to_a"), 0);
      |                                     ^~~~~~~~~~~~~~~~~
/Users/ootashougo/.rbenv/versions/2.7.3/include/ruby-2.7.0/ruby/ruby.h:1847:24: note: expanded from macro 'rb_intern'
 1847 |         __extension__ (RUBY_CONST_ID_CACHE((ID), (str))) : \
      |                        ^~~~~~~~~~~~~~~~~~~~~~~~~~~~~~~~
/Users/ootashougo/.rbenv/versions/2.7.3/include/ruby-2.7.0/ruby/ruby.h:1837:5: note: expanded from macro 'RUBY_CONST_ID_CACHE'
 1837 |     }
      |     ^
/Users/ootashougo/.rbenv/versions/2.7.3/include/ruby-2.7.0/ruby/ruby.h:2689:27: note: expanded from macro 'rb_funcall'
 2689 |         rb_funcallv(recv, mid, \
      |                           ^~~
xslt_stylesheet.c:264:37: note: ')' token is here
  264 |     rb_param = rb_funcall(rb_param, rb_intern("to_a"), 0);
      |                                     ^~~~~~~~~~~~~~~~~
/Users/ootashougo/.rbenv/versions/2.7.3/include/ruby-2.7.0/ruby/ruby.h:1847:56: note: expanded from macro 'rb_intern'
 1847 |         __extension__ (RUBY_CONST_ID_CACHE((ID), (str))) : \
      |                                                        ^
/Users/ootashougo/.rbenv/versions/2.7.3/include/ruby-2.7.0/ruby/ruby.h:2689:27: note: expanded from macro 'rb_funcall'
 2689 |         rb_funcallv(recv, mid, \
      |                           ^~~
xslt_stylesheet.c:265:37: warning: '(' and '{' tokens introducing statement expression appear in different macro expansion contexts [-Wcompound-token-split-by-macro]
  265 |     rb_param = rb_funcall(rb_param, rb_intern("flatten"), 0);
      |                                     ^~~~~~~~~~~~~~~~~~~~
/Users/ootashougo/.rbenv/versions/2.7.3/include/ruby-2.7.0/ruby/ruby.h:1847:23: note: expanded from macro 'rb_intern'
 1847 |         __extension__ (RUBY_CONST_ID_CACHE((ID), (str))) : \
      |                       ^
/Users/ootashougo/.rbenv/versions/2.7.3/include/ruby-2.7.0/ruby/ruby.h:2689:27: note: expanded from macro 'rb_funcall'
 2689 |         rb_funcallv(recv, mid, \
      |                           ^~~
xslt_stylesheet.c:265:37: note: '{' token is here
  265 |     rb_param = rb_funcall(rb_param, rb_intern("flatten"), 0);
      |                                     ^~~~~~~~~~~~~~~~~~~~
/Users/ootashougo/.rbenv/versions/2.7.3/include/ruby-2.7.0/ruby/ruby.h:1847:24: note: expanded from macro 'rb_intern'
 1847 |         __extension__ (RUBY_CONST_ID_CACHE((ID), (str))) : \
      |                        ^~~~~~~~~~~~~~~~~~~~~~~~~~~~~~~~
/Users/ootashougo/.rbenv/versions/2.7.3/include/ruby-2.7.0/ruby/ruby.h:1832:5: note: expanded from macro 'RUBY_CONST_ID_CACHE'
 1832 |     {                                                   \
      |     ^
/Users/ootashougo/.rbenv/versions/2.7.3/include/ruby-2.7.0/ruby/ruby.h:2689:27: note: expanded from macro 'rb_funcall'
 2689 |         rb_funcallv(recv, mid, \
      |                           ^~~
xslt_stylesheet.c:265:37: warning: '}' and ')' tokens terminating statement expression appear in different macro expansion contexts [-Wcompound-token-split-by-macro]
  265 |     rb_param = rb_funcall(rb_param, rb_intern("flatten"), 0);
      |                                     ^~~~~~~~~~~~~~~~~~~~
/Users/ootashougo/.rbenv/versions/2.7.3/include/ruby-2.7.0/ruby/ruby.h:1847:24: note: expanded from macro 'rb_intern'
 1847 |         __extension__ (RUBY_CONST_ID_CACHE((ID), (str))) : \
      |                        ^~~~~~~~~~~~~~~~~~~~~~~~~~~~~~~~
/Users/ootashougo/.rbenv/versions/2.7.3/include/ruby-2.7.0/ruby/ruby.h:1837:5: note: expanded from macro 'RUBY_CONST_ID_CACHE'
 1837 |     }
      |     ^
/Users/ootashougo/.rbenv/versions/2.7.3/include/ruby-2.7.0/ruby/ruby.h:2689:27: note: expanded from macro 'rb_funcall'
 2689 |         rb_funcallv(recv, mid, \
      |                           ^~~
xslt_stylesheet.c:265:37: note: ')' token is here
  265 |     rb_param = rb_funcall(rb_param, rb_intern("flatten"), 0);
      |                                     ^~~~~~~~~~~~~~~~~~~~
/Users/ootashougo/.rbenv/versions/2.7.3/include/ruby-2.7.0/ruby/ruby.h:1847:56: note: expanded from macro 'rb_intern'
 1847 |         __extension__ (RUBY_CONST_ID_CACHE((ID), (str))) : \
      |                                                        ^
/Users/ootashougo/.rbenv/versions/2.7.3/include/ruby-2.7.0/ruby/ruby.h:2689:27: note: expanded from macro 'rb_funcall'
 2689 |         rb_funcallv(recv, mid, \
      |                           ^~~
xslt_stylesheet.c:306:62: warning: '(' and '{' tokens introducing statement expression appear in different macro expansion contexts [-Wcompound-token-split-by-macro]
  306 |   parse_error_occurred = (Qfalse == rb_funcall(rb_error_str, rb_intern("empty?"), 0));
      |                                                              ^~~~~~~~~~~~~~~~~~~
/Users/ootashougo/.rbenv/versions/2.7.3/include/ruby-2.7.0/ruby/ruby.h:1847:23: note: expanded from macro 'rb_intern'
 1847 |         __extension__ (RUBY_CONST_ID_CACHE((ID), (str))) : \
      |                       ^
/Users/ootashougo/.rbenv/versions/2.7.3/include/ruby-2.7.0/ruby/ruby.h:2689:27: note: expanded from macro 'rb_funcall'
 2689 |         rb_funcallv(recv, mid, \
      |                           ^~~
xslt_stylesheet.c:306:62: note: '{' token is here
  306 |   parse_error_occurred = (Qfalse == rb_funcall(rb_error_str, rb_intern("empty?"), 0));
      |                                                              ^~~~~~~~~~~~~~~~~~~
/Users/ootashougo/.rbenv/versions/2.7.3/include/ruby-2.7.0/ruby/ruby.h:1847:24: note: expanded from macro 'rb_intern'
 1847 |         __extension__ (RUBY_CONST_ID_CACHE((ID), (str))) : \
      |                        ^~~~~~~~~~~~~~~~~~~~~~~~~~~~~~~~
/Users/ootashougo/.rbenv/versions/2.7.3/include/ruby-2.7.0/ruby/ruby.h:1832:5: note: expanded from macro 'RUBY_CONST_ID_CACHE'
 1832 |     {                                                   \
      |     ^
/Users/ootashougo/.rbenv/versions/2.7.3/include/ruby-2.7.0/ruby/ruby.h:2689:27: note: expanded from macro 'rb_funcall'
 2689 |         rb_funcallv(recv, mid, \
      |                           ^~~
xslt_stylesheet.c:306:62: warning: '}' and ')' tokens terminating statement expression appear in different macro expansion contexts [-Wcompound-token-split-by-macro]
  306 |   parse_error_occurred = (Qfalse == rb_funcall(rb_error_str, rb_intern("empty?"), 0));
      |                                                              ^~~~~~~~~~~~~~~~~~~
/Users/ootashougo/.rbenv/versions/2.7.3/include/ruby-2.7.0/ruby/ruby.h:1847:24: note: expanded from macro 'rb_intern'
 1847 |         __extension__ (RUBY_CONST_ID_CACHE((ID), (str))) : \
      |                        ^~~~~~~~~~~~~~~~~~~~~~~~~~~~~~~~
/Users/ootashougo/.rbenv/versions/2.7.3/include/ruby-2.7.0/ruby/ruby.h:1837:5: note: expanded from macro 'RUBY_CONST_ID_CACHE'
 1837 |     }
      |     ^
/Users/ootashougo/.rbenv/versions/2.7.3/include/ruby-2.7.0/ruby/ruby.h:2689:27: note: expanded from macro 'rb_funcall'
 2689 |         rb_funcallv(recv, mid, \
      |                           ^~~
xslt_stylesheet.c:306:62: note: ')' token is here
  306 |   parse_error_occurred = (Qfalse == rb_funcall(rb_error_str, rb_intern("empty?"), 0));
      |                                                              ^~~~~~~~~~~~~~~~~~~
/Users/ootashougo/.rbenv/versions/2.7.3/include/ruby-2.7.0/ruby/ruby.h:1847:56: note: expanded from macro 'rb_intern'
 1847 |         __extension__ (RUBY_CONST_ID_CACHE((ID), (str))) : \
      |                                                        ^
/Users/ootashougo/.rbenv/versions/2.7.3/include/ruby-2.7.0/ruby/ruby.h:2689:27: note: expanded from macro 'rb_funcall'
 2689 |         rb_funcallv(recv, mid, \
      |                           ^~~
xslt_stylesheet.c:342:35: warning: '(' and '{' tokens introducing statement expression appear in different macro expansion contexts [-Wcompound-token-split-by-macro]
  342 |   VALUE methods = rb_funcall(obj, rb_intern("instance_methods"), 1, args);
      |                                   ^~~~~~~~~~~~~~~~~~~~~~~~~~~~~
/Users/ootashougo/.rbenv/versions/2.7.3/include/ruby-2.7.0/ruby/ruby.h:1847:23: note: expanded from macro 'rb_intern'
 1847 |         __extension__ (RUBY_CONST_ID_CACHE((ID), (str))) : \
      |                       ^
/Users/ootashougo/.rbenv/versions/2.7.3/include/ruby-2.7.0/ruby/ruby.h:2689:27: note: expanded from macro 'rb_funcall'
 2689 |         rb_funcallv(recv, mid, \
      |                           ^~~
xslt_stylesheet.c:342:35: note: '{' token is here
  342 |   VALUE methods = rb_funcall(obj, rb_intern("instance_methods"), 1, args);
      |                                   ^~~~~~~~~~~~~~~~~~~~~~~~~~~~~
/Users/ootashougo/.rbenv/versions/2.7.3/include/ruby-2.7.0/ruby/ruby.h:1847:24: note: expanded from macro 'rb_intern'
 1847 |         __extension__ (RUBY_CONST_ID_CACHE((ID), (str))) : \
      |                        ^~~~~~~~~~~~~~~~~~~~~~~~~~~~~~~~
/Users/ootashougo/.rbenv/versions/2.7.3/include/ruby-2.7.0/ruby/ruby.h:1832:5: note: expanded from macro 'RUBY_CONST_ID_CACHE'
 1832 |     {                                                   \
      |     ^
/Users/ootashougo/.rbenv/versions/2.7.3/include/ruby-2.7.0/ruby/ruby.h:2689:27: note: expanded from macro 'rb_funcall'
 2689 |         rb_funcallv(recv, mid, \
      |                           ^~~
xslt_stylesheet.c:342:35: warning: '}' and ')' tokens terminating statement expression appear in different macro expansion contexts [-Wcompound-token-split-by-macro]
  342 |   VALUE methods = rb_funcall(obj, rb_intern("instance_methods"), 1, args);
      |                                   ^~~~~~~~~~~~~~~~~~~~~~~~~~~~~
/Users/ootashougo/.rbenv/versions/2.7.3/include/ruby-2.7.0/ruby/ruby.h:1847:24: note: expanded from macro 'rb_intern'
 1847 |         __extension__ (RUBY_CONST_ID_CACHE((ID), (str))) : \
      |                        ^~~~~~~~~~~~~~~~~~~~~~~~~~~~~~~~
/Users/ootashougo/.rbenv/versions/2.7.3/include/ruby-2.7.0/ruby/ruby.h:1837:5: note: expanded from macro 'RUBY_CONST_ID_CACHE'
 1837 |     }
      |     ^
/Users/ootashougo/.rbenv/versions/2.7.3/include/ruby-2.7.0/ruby/ruby.h:2689:27: note: expanded from macro 'rb_funcall'
 2689 |         rb_funcallv(recv, mid, \
      |                           ^~~
xslt_stylesheet.c:342:35: note: ')' token is here
  342 |   VALUE methods = rb_funcall(obj, rb_intern("instance_methods"), 1, args);
      |                                   ^~~~~~~~~~~~~~~~~~~~~~~~~~~~~
/Users/ootashougo/.rbenv/versions/2.7.3/include/ruby-2.7.0/ruby/ruby.h:1847:56: note: expanded from macro 'rb_intern'
 1847 |         __extension__ (RUBY_CONST_ID_CACHE((ID), (str))) : \
      |                                                        ^
/Users/ootashougo/.rbenv/versions/2.7.3/include/ruby-2.7.0/ruby/ruby.h:2689:27: note: expanded from macro 'rb_funcall'
 2689 |         rb_funcallv(recv, mid, \
      |                           ^~~
8 warnings generated.
linking shared-object nokogiri/nokogiri.bundle
ld: warning: ignoring duplicate libraries: '-liconv', '-llzma', '-lz', '/Users/ootashougo/Documents/GssManagement/gss_management/vendor/bundle/ruby/2.7.0/gems/nokogiri-1.15.6/ports/arm64-darwin23/libxml2/2.11.7/lib/libxml2.a'
Cleaning files only used during build.
rm -rf /Users/ootashougo/Documents/GssManagement/gss_management/vendor/bundle/ruby/2.7.0/gems/nokogiri-1.15.6/ext/nokogiri/tmp/arm64-apple-darwin23/ports
rm -rf /Users/ootashougo/Documents/GssManagement/gss_management/vendor/bundle/ruby/2.7.0/gems/nokogiri-1.15.6/ports

current directory: /Users/ootashougo/Documents/GssManagement/gss_management/vendor/bundle/ruby/2.7.0/gems/nokogiri-1.15.6/ext/nokogiri
make "DESTDIR=" install
/usr/bin/install -c -m 0755 nokogiri.bundle ./.gem.20250202-90489-10cejxs/nokogiri
installing nokogiri libraries
